ui_file	line	function	page	visible_label	section	control_type	db_key_or_helper	values_min_max_step	apply_helper	registry_key	status	reason
MidnightSimpleUnitFrames/Shell/Menu2/Pages/MSUF_Menu2_Advanced.lua	314	AddTableControlSpecs		<dynamic:s[2]>	AddTableControlSpecs	toggle	ToggleAt			auras3.enabled|menu.auraScope|auras3.shared.showBuffs|auras3.shared.showDebuffs|auras3.shared.showTooltip|auras3.shared.reminderThreshold|auras3.shared.buffGrowth|auras3.shared.debuffGrowth|auras3.shared.sortOrder|auras3.shared.showStackCount|auras3.shared.showCooldownText|auras3.shared.showCooldownSwipe	registered	Matched Advanced dynamic table-control factories to registered Aura settings used by their concrete specs.
MidnightSimpleUnitFrames/Shell/Menu2/Pages/MSUF_Menu2_Advanced.lua	315	AddTableControlSpecs		<dynamic:s[2]>	AddTableControlSpecs	toggle	SwitchAt			auras3.enabled|menu.auraScope|auras3.shared.showBuffs|auras3.shared.showDebuffs|auras3.shared.showTooltip|auras3.shared.reminderThreshold|auras3.shared.buffGrowth|auras3.shared.debuffGrowth|auras3.shared.sortOrder|auras3.shared.showStackCount|auras3.shared.showCooldownText|auras3.shared.showCooldownSwipe	registered	Matched Advanced dynamic table-control factories to registered Aura settings used by their concrete specs.
MidnightSimpleUnitFrames/Shell/Menu2/Pages/MSUF_Menu2_Advanced.lua	316	AddTableControlSpecs		<dynamic:s[2]>	AddTableControlSpecs	slider	SliderAt	min=s[5];max=s[6];step=s[7]		auras3.enabled|menu.auraScope|auras3.shared.showBuffs|auras3.shared.showDebuffs|auras3.shared.showTooltip|auras3.shared.reminderThreshold|auras3.shared.buffGrowth|auras3.shared.debuffGrowth|auras3.shared.sortOrder|auras3.shared.showStackCount|auras3.shared.showCooldownText|auras3.shared.showCooldownSwipe	registered	Matched Advanced dynamic table-control factories to registered Aura settings used by their concrete specs.
MidnightSimpleUnitFrames/Shell/Menu2/Pages/MSUF_Menu2_Advanced.lua	317	AddTableControlSpecs		<dynamic:s[2]>	AddTableControlSpecs	dropdown	DropdownAt	s[5]		auras3.enabled|menu.auraScope|auras3.shared.showBuffs|auras3.shared.showDebuffs|auras3.shared.showTooltip|auras3.shared.reminderThreshold|auras3.shared.buffGrowth|auras3.shared.debuffGrowth|auras3.shared.sortOrder|auras3.shared.showStackCount|auras3.shared.showCooldownText|auras3.shared.showCooldownSwipe	registered	Matched Advanced dynamic table-control factories to registered Aura settings used by their concrete specs.
MidnightSimpleUnitFrames/Shell/Menu2/Pages/MSUF_Menu2_Advanced.lua	324	BuildTableControlSpecs		<dynamic:s[3]>	BuildTableControlSpecs	toggle	BindTableToggle		Refresh	auras3.enabled|menu.auraScope|auras3.shared.showBuffs|auras3.shared.showDebuffs|auras3.shared.showTooltip|auras3.shared.reminderThreshold|auras3.shared.buffGrowth|auras3.shared.debuffGrowth|auras3.shared.sortOrder|auras3.shared.showStackCount|auras3.shared.showCooldownText|auras3.shared.showCooldownSwipe	registered	Matched Advanced dynamic table-control factories to registered Aura settings used by their concrete specs.
MidnightSimpleUnitFrames/Shell/Menu2/Pages/MSUF_Menu2_Advanced.lua	325	BuildTableControlSpecs		<dynamic:s[3]>	BuildTableControlSpecs	slider	BindTableSlider	min=s[4];max=s[5];step=s[6]	Refresh	auras3.enabled|menu.auraScope|auras3.shared.showBuffs|auras3.shared.showDebuffs|auras3.shared.showTooltip|auras3.shared.reminderThreshold|auras3.shared.buffGrowth|auras3.shared.debuffGrowth|auras3.shared.sortOrder|auras3.shared.showStackCount|auras3.shared.showCooldownText|auras3.shared.showCooldownSwipe	registered	Matched Advanced dynamic table-control factories to registered Aura settings used by their concrete specs.
MidnightSimpleUnitFrames/Shell/Menu2/Pages/MSUF_Menu2_Advanced.lua	326	BuildTableControlSpecs		<dynamic:s[3]>	BuildTableControlSpecs	dropdown	BindTableDropdown	s[4]	Refresh	auras3.enabled|menu.auraScope|auras3.shared.showBuffs|auras3.shared.showDebuffs|auras3.shared.showTooltip|auras3.shared.reminderThreshold|auras3.shared.buffGrowth|auras3.shared.debuffGrowth|auras3.shared.sortOrder|auras3.shared.showStackCount|auras3.shared.showCooldownText|auras3.shared.showCooldownSwipe	registered	Matched Advanced dynamic table-control factories to registered Aura settings used by their concrete specs.
MidnightSimpleUnitFrames/Shell/Menu2/Pages/MSUF_Menu2_AdvancedClassPower.lua	738	ShowQuickSetupTooltip	classpower	<dynamic:label>	ShowQuickSetupTooltip	toggle					unmapped	No Assistant registry key was matched by exact DB key or label.
MidnightSimpleUnitFrames/Shell/Menu2/Pages/MSUF_Menu2_AdvancedClassPower.lua	750	ShowQuickSetupTooltip	classpower	<dynamic:spec[3]>	ShowQuickSetupTooltip	slider	BindBarsAlphaPercent	min=0;max=100;step=spec[7]			unmapped	Helper callsite control; static audit could not prove registry mapping.
MidnightSimpleUnitFrames/Shell/Menu2/Pages/MSUF_Menu2_AdvancedClassPower.lua	753	ShowQuickSetupTooltip	classpower	<dynamic:spec[3]>	ShowQuickSetupTooltip	dropdown		spec[4]			unmapped	No Assistant registry key was matched by exact DB key or label.
MidnightSimpleUnitFrames/Shell/Menu2/Pages/MSUF_Menu2_AdvancedClassPower.lua	760	ShowQuickSetupTooltip	classpower	<dynamic:spec[3])>	ShowQuickSetupTooltip	toggle					unmapped	No Assistant registry key was matched by exact DB key or label.
MidnightSimpleUnitFrames/Shell/Menu2/Pages/MSUF_Menu2_AdvancedClassPower.lua	778	Write	classpower	<dynamic:spec[3]>	Write	dropdown		spec[4]			unmapped	No Assistant registry key was matched by exact DB key or label.
MidnightSimpleUnitFrames/Shell/Menu2/Pages/MSUF_Menu2_AdvancedClassPower.lua	798	Write	classpower	Preview resource	Write	dropdown		CLASS_POWER_PREVIEW_VALUES	Refresh	menu.classPowerPreviewResource	registered	Matched Assistant setting by DB key or label/alias.
MidnightSimpleUnitFrames/Shell/Menu2/Pages/MSUF_Menu2_AdvancedClassPower.lua	807	Write	classpower	Quick Setup: Class Bar	Write	button			Refresh	class_power_quick_setup	registered	Matched Assistant action by label/alias.
MidnightSimpleUnitFrames/Shell/Menu2/Pages/MSUF_Menu2_AdvancedClassPower.lua	821	Write	classpower	Class Resource	Layout	toggle	showClassPower		Refresh	bars.showClassPower	registered	Matched Assistant setting by DB key or label/alias.
MidnightSimpleUnitFrames/Shell/Menu2/Pages/MSUF_Menu2_AdvancedClassPower.lua	833	Write	classpower	Shape alignment	Layout	segment		alignValues		bars.classPowerShapeAlign	registered	Matched Class Resource shape alignment segment to registered alignment setting.
MidnightSimpleUnitFrames/Shell/Menu2/Pages/MSUF_Menu2_AdvancedClassPower.lua	838	Write	classpower	Powerbar shape (independent)	Layout	dropdown		"VT(""BAR"", ""Bar"", ""ROUND"", ""Round"", ""CRYSTAL"", ""Crystal"", ""ORB"", ""Orb"")"			unmapped	No Assistant registry key was matched by exact DB key or label.
MidnightSimpleUnitFrames/Shell/Menu2/Pages/MSUF_Menu2_AdvancedClassPower.lua	977	CurrentClassPowerContext	classpower	<dynamic:spec[1]>	Auto-Hide	toggle	SwitchAt				unmapped	Helper callsite control; static audit could not prove registry mapping.
MidnightSimpleUnitFrames/Shell/Menu2/Pages/MSUF_Menu2_AdvancedClassPower.lua	993	CurrentClassPowerContext	classpower	Detached player power	Player Power	toggle				player.powerBarDetached	registered	Matched Class Resources detached-player-power toggle to registered Player detached power setting.
MidnightSimpleUnitFrames/Shell/Menu2/Pages/MSUF_Menu2_AdvancedClassPower.lua	1009	CurrentClassPowerContext	classpower	Smooth fill	Player Power	toggle	powerSmoothFill			player.powerSmoothFill|target.powerSmoothFill|focus.powerSmoothFill|targettarget.powerSmoothFill|focustarget.powerSmoothFill|pet.powerSmoothFill|boss.powerSmoothFill|gf_party.powerSmoothFill	registered	Matched page-scoped Assistant settings by DB key and control type.
MidnightSimpleUnitFrames/Shell/Menu2/Pages/MSUF_Menu2_AdvancedClassPower.lua	1057	CurrentClassPowerContext	classpower	Slot	Player Power	segment		TEXT_SLOT_VALUES	Refresh		unmapped	No Assistant registry key was matched by exact DB key or label.
MidnightSimpleUnitFrames/Shell/Menu2/Pages/MSUF_Menu2_AdvancedClassPower.lua	1065	CurrentClassPowerContext	classpower	"<dynamic:""Slot "" .. axis>"	Player Power	slider		min=-300;max=300;step=1			unmapped	No Assistant registry key was matched by exact DB key or label.
MidnightSimpleUnitFrames/Shell/Menu2/Pages/MSUF_Menu2_AdvancedClassPower.lua	1128	CurrentClassPowerContext	classpower	Second Player HP bar	Extra Health Bar	toggle	playerHPBarEnabled		Refresh	bars.playerHPBarEnabled	registered	Matched Assistant setting by DB key or label/alias.
MidnightSimpleUnitFrames/Shell/Menu2/Pages/MSUF_Menu2_AdvancedClassPower.lua	1222	ApplyPlayerHPColorMode	classpower	Show HP text	Extra Health Bar	toggle	playerHPBarTextEnabled		Refresh	bars.playerHPBarTextEnabled	registered	Matched Assistant setting by DB key or label/alias.
MidnightSimpleUnitFrames/Shell/Menu2/Pages/MSUF_Menu2_AdvancedClassPower.lua	1223	ApplyPlayerHPColorMode	classpower	Use Player HP text	Extra Health Bar	toggle	playerHPBarUsePlayerText		Refresh	bars.playerHPBarUsePlayerText	registered	Matched Assistant setting by DB key or label/alias.
MidnightSimpleUnitFrames/Shell/Menu2/Pages/MSUF_Menu2_AdvancedClassPower.lua	1261	ApplyPlayerHPColorMode	classpower	Show mana bar (dual resource)	Alternative Mana	toggle	showAltMana		Refresh	bars.showAltMana	registered	Matched Assistant setting by DB key or label/alias.
MidnightSimpleUnitFrames/Shell/Menu2/Pages/MSUF_Menu2_AdvancedClassPower.lua	1262	ApplyPlayerHPColorMode	classpower	Smooth fill	Alternative Mana	toggle	altManaSmoothFill		Refresh	bars.altManaSmoothFill	registered	Matched Assistant setting by DB key or label/alias.
MidnightSimpleUnitFrames/Shell/Menu2/Pages/MSUF_Menu2_AdvancedColors.lua	517	RefreshDot	opt_colors	<dynamic:label>	RefreshDot	color		rgb 0..1			unmapped	No Assistant registry key was matched by exact DB key or label.
MidnightSimpleUnitFrames/Shell/Menu2/Pages/MSUF_Menu2_AdvancedColors.lua	555	ApiOrGeneralColorAt	opt_colors	<dynamic:label>	ApiOrGeneralColorAt	color	ColorValueAt	rgb 0..1		general.castbarBorderColor|general.castbarBackgroundColor|general.playerCastbarOverrideColor	registered	Matched Colors API/general fallback helper to registered castbar color settings.
MidnightSimpleUnitFrames/Shell/Menu2/Pages/MSUF_Menu2_AdvancedColors.lua	687	GroupColorAt	opt_colors	<dynamic:label>	GroupColorAt	color	ColorValueAt	rgb 0..1			unmapped	Helper callsite control; static audit could not prove registry mapping.
MidnightSimpleUnitFrames/Shell/Menu2/Pages/MSUF_Menu2_AdvancedColors.lua	703	GroupAlphaSlider	opt_colors		GroupAlphaSlider	slider		min=0;max=1;step=0.05			unmapped	No Assistant registry key was matched by exact DB key or label.
MidnightSimpleUnitFrames/Shell/Menu2/Pages/MSUF_Menu2_AdvancedColors.lua	759	BuildGroupFrameColors	opt_colors	Bar Color Mode	Group Highlights	dropdown	ValueDropdownAt	GROUP_BAR_MODES	Refresh	general.barMode	registered	Matched Assistant setting by DB key or label/alias.
MidnightSimpleUnitFrames/Shell/Menu2/Pages/MSUF_Menu2_AdvancedColors.lua	770	BuildGroupFrameColors	opt_colors	Health bar color	Group Highlights	color	ColorValueAt	rgb 0..1			unmapped	Helper callsite control; static audit could not prove registry mapping.
MidnightSimpleUnitFrames/Shell/Menu2/Pages/MSUF_Menu2_AdvancedColors.lua	774	BuildGroupFrameColors	opt_colors	Health color fallback	Group Highlights	dropdown	ValueDropdownAt	GROUP_HEALTH_MODES			unmapped	Helper callsite control; static audit could not prove registry mapping.
MidnightSimpleUnitFrames/Shell/Menu2/Pages/MSUF_Menu2_AdvancedColors.lua	779	BuildGroupFrameColors	opt_colors	Dead / Offline Background	Group Highlights	toggle	ValueSwitchAt				unmapped	Helper callsite control; static audit could not prove registry mapping.
MidnightSimpleUnitFrames/Shell/Menu2/Pages/MSUF_Menu2_AdvancedColors.lua	785	BuildGroupFrameColors	opt_colors	Also tint offline members	Group Highlights	toggle	ValueToggleAt				unmapped	Helper callsite control; static audit could not prove registry mapping.
MidnightSimpleUnitFrames/Shell/Menu2/Pages/MSUF_Menu2_AdvancedColors.lua	806	NPCColorAt	opt_colors	<dynamic:row.label>	Group Highlights	color	ColorValueAt	rgb 0..1	ApplyUnit	npcColors.friendly|npcColors.neutral|npcColors.enemy|npcColors.dead|npcColors.npcBoss|npcColors.npcMiniboss|npcColors.npcCaster|npcColors.npcMelee|npcColors.npcRegular	registered	Matched NPC color helper to registered reaction and NPC-type color settings.
MidnightSimpleUnitFrames/Shell/Menu2/Pages/MSUF_Menu2_AdvancedColors.lua	1054	BuildPowerAndClassPowerColors	opt_colors	Power type	Power Bar Colors	dropdown	ValueDropdownAt	COLOR_DATA.POWER_TOKENS	Refresh	set_menu_selector_state	registered	Matched runtime power-token dropdown to Assistant menu selector state action.
MidnightSimpleUnitFrames/Shell/Menu2/Pages/MSUF_Menu2_AdvancedColors.lua	1063	BuildPowerAndClassPowerColors	opt_colors	Color	Power Bar Colors	color	ColorValueAt	rgb 0..1	Refresh	general.powerColorOverrides.MANA|general.powerColorOverrides.RAGE|general.powerColorOverrides.ENERGY|general.powerColorOverrides.FOCUS|general.powerColorOverrides.RUNIC_POWER|general.powerColorOverrides.INSANITY|general.powerColorOverrides.FURY|general.powerColorOverrides.PAIN|general.powerColorOverrides.ESSENCE|general.powerColorOverrides.LUNAR_POWER|general.powerColorOverrides.MAELSTROM	registered	Matched selected power-token color swatch to registered power-color token settings.
MidnightSimpleUnitFrames/Shell/Menu2/Pages/MSUF_Menu2_AdvancedColors.lua	1067	BuildPowerAndClassPowerColors	opt_colors	Reset	Power Bar Colors	button	ButtonAt		Refresh	reset_power_color_token	registered	Matched selected power-token reset button to Assistant token reset action.
MidnightSimpleUnitFrames/Shell/Menu2/Pages/MSUF_Menu2_AdvancedColors.lua	1109	RefreshSlotControls	opt_colors	Resource type	Class Power Colors	dropdown	ValueDropdownAt	COLOR_DATA.CP_TOKENS	Refresh	set_menu_selector_state	registered	Matched runtime class-resource token dropdown to Assistant menu selector state action.
MidnightSimpleUnitFrames/Shell/Menu2/Pages/MSUF_Menu2_AdvancedColors.lua	1116	RefreshSlotControls	opt_colors	Color	Class Power Colors	color	ColorValueAt	rgb 0..1		general.classPowerColorOverrides.COMBO_POINTS|general.classPowerColorOverrides.HOLY_POWER|general.classPowerColorOverrides.SOUL_SHARDS|general.classPowerColorOverrides.CHI|general.classPowerColorOverrides.ARCANE_CHARGES|general.classPowerColorOverrides.RUNES|general.classPowerColorOverrides.ESSENCE|general.classPowerColorOverrides.CHARGED|general.classPowerColorOverrides.SOUL_FRAGMENTS|general.classPowerColorOverrides.SOUL_FRAGMENTS_META|general.classPowerColorOverrides.MAELSTROM|general.classPowerColorOverrides.MAELSTROM_ABOVE_5	registered	Matched selected class-resource color swatch to registered class-resource token color settings.
MidnightSimpleUnitFrames/Shell/Menu2/Pages/MSUF_Menu2_AdvancedColors.lua	1120	RefreshSlotControls	opt_colors	Background	Class Power Colors	color	ColorValueAt	rgb 0..1		general.classPowerBgColorOverrides.COMBO_POINTS|general.classPowerBgColorOverrides.HOLY_POWER|general.classPowerBgColorOverrides.SOUL_SHARDS|general.classPowerBgColorOverrides.CHI|general.classPowerBgColorOverrides.ARCANE_CHARGES|general.classPowerBgColorOverrides.RUNES|general.classPowerBgColorOverrides.ESSENCE|general.classPowerBgColorOverrides.CHARGED|general.classPowerBgColorOverrides.SOUL_FRAGMENTS|general.classPowerBgColorOverrides.SOUL_FRAGMENTS_META|general.classPowerBgColorOverrides.MAELSTROM|general.classPowerBgColorOverrides.MAELSTROM_ABOVE_5	registered	Matched selected class-resource background swatch to registered class-resource background color settings.
MidnightSimpleUnitFrames/Shell/Menu2/Pages/MSUF_Menu2_AdvancedColors.lua	1124	RefreshSlotControls	opt_colors	Reset color	Class Power Colors	button	ButtonAt			reset_class_power_color_token	registered	Matched selected class-resource color reset button to registered token reset action.
MidnightSimpleUnitFrames/Shell/Menu2/Pages/MSUF_Menu2_AdvancedColors.lua	1128	RefreshSlotControls	opt_colors	Reset bg	Class Power Colors	button	ButtonAt			reset_class_power_color_token	registered	Matched selected class-resource color reset button to registered token reset action.
MidnightSimpleUnitFrames/Shell/Menu2/Pages/MSUF_Menu2_AdvancedColors.lua	1132	RefreshSlotControls	opt_colors	Resource slot mode	Class Power Colors	dropdown	ValueDropdownAt	COLOR_DATA.CP_SLOT_MODES			unmapped	Helper callsite control; static audit could not prove registry mapping.
MidnightSimpleUnitFrames/Shell/Menu2/Pages/MSUF_Menu2_AdvancedColors.lua	1140	RefreshSlotControls	opt_colors	Full resource color	Class Power Colors	toggle	ValueSwitchAt		Refresh		unmapped	Helper callsite control; static audit could not prove registry mapping.
MidnightSimpleUnitFrames/Shell/Menu2/Pages/MSUF_Menu2_AdvancedColors.lua	1146	RefreshSlotControls	opt_colors	Full	Class Power Colors	color	ColorValueAt	rgb 0..1	Refresh		unmapped	Helper callsite control; static audit could not prove registry mapping.
MidnightSimpleUnitFrames/Shell/Menu2/Pages/MSUF_Menu2_AdvancedColors.lua	1157	RefreshSlotControls	opt_colors	<dynamic:tostring(i)>	Class Power Colors	color	ColorValueAt	rgb 0..1	Refresh		unmapped	Helper callsite control; static audit could not prove registry mapping.
MidnightSimpleUnitFrames/Shell/Menu2/Pages/MSUF_Menu2_AdvancedColors.lua	1167	RefreshSlotControls	opt_colors	Reset slots	Class Power Colors	button	ButtonAt		Refresh	reset_class_power_combo_slot_colors	registered	Matched combo point slot reset button to registered reset action.
MidnightSimpleUnitFrames/Shell/Menu2/Pages/MSUF_Menu2_AdvancedColors.lua	1176	RefreshSlotControls	opt_colors	Reset full	Class Power Colors	button	ButtonAt		Refresh		unmapped	Helper callsite control; static audit could not prove registry mapping.
MidnightSimpleUnitFrames/Shell/Menu2/Pages/MSUF_Menu2_AdvancedColors.lua	1221	RefreshColorSamples	opt_colors	Color by time	Auras	toggle	ValueSwitchAt		ApplyAura|Refresh	general.aurasCooldownTextUseBuckets	registered	Matched Aura color-by-time toggle to registered timer bucket setting.
MidnightSimpleUnitFrames/Shell/Menu2/Pages/MSUF_Menu2_AdvancedColors.lua	1230	AuraColorAt	opt_colors	<dynamic:label>	Auras	color	CH.TableColorAt	rgb 0..1	ApplyAura|Refresh	general.aurasOwnBuffHighlightColor|general.aurasOwnDebuffHighlightColor|general.aurasStackCountColor|auras3.shared.pandemicColor|general.aurasCooldownTextSafeColor|general.aurasCooldownTextWarningColor|general.aurasCooldownTextUrgentColor	registered	Matched dynamic Aura color helper to registered Aura color settings.
MidnightSimpleUnitFrames/Shell/Menu2/Pages/MSUF_Menu2_AdvancedColors.lua	1237	RefreshTextColors	opt_colors	Safe	Auras	color	ColorValueAt	rgb 0..1	Refresh		todo	Aura color control not yet represented by a registered Assistant setting/action.
MidnightSimpleUnitFrames/Shell/Menu2/Pages/MSUF_Menu2_AdvancedColors.lua	1244	RefreshTextColors	opt_colors	Safe seconds	Auras	slider	ValueSliderAt	min=0;max=600;step=1		general.aurasCooldownTextSafeSeconds	registered	Matched Aura safe cooldown threshold slider to registered setting.
MidnightSimpleUnitFrames/Shell/Menu2/Pages/MSUF_Menu2_AdvancedColors.lua	1248	RefreshTextColors	opt_colors	Warning <= sec	Auras	slider	ValueSliderAt	min=0;max=60;step=1	Refresh	general.aurasCooldownTextWarningSeconds	registered	Matched Aura warning cooldown threshold slider to registered setting.
MidnightSimpleUnitFrames/Shell/Menu2/Pages/MSUF_Menu2_AdvancedColors.lua	1252	RefreshTextColors	opt_colors	Urgent <= sec	Auras	slider	ValueSliderAt	min=0;max=30;step=1	Refresh	general.aurasCooldownTextUrgentSeconds	registered	Matched Aura urgent cooldown threshold slider to registered setting.
MidnightSimpleUnitFrames/Shell/Menu2/Pages/MSUF_Menu2_AdvancedColors.lua	1258	RefreshTextColors	opt_colors	Reset aura colors	Auras	button	ButtonAt		Refresh	reset_aura_colors	registered	Matched Aura color reset button to registered Assistant action.
MidnightSimpleUnitFrames/Shell/Menu2/Pages/MSUF_Menu2_AdvancedColors.lua	1264	RefreshTextColors	opt_colors	Border custom color	Portrait Colors	color	ColorValueAt	rgb 0..1		general.portraitBorderColor	registered	Matched portrait border color swatch to registered portrait color setting.
MidnightSimpleUnitFrames/Shell/Menu2/Pages/MSUF_Menu2_AdvancedColors.lua	1268	RefreshTextColors	opt_colors	Background color	Portrait Colors	color	ColorValueAt	rgb 0..1		general.portraitBgColor	registered	Matched portrait background color swatch to registered portrait color setting.
MidnightSimpleUnitFrames/Shell/Menu2/Pages/MSUF_Menu2_AdvancedColors.lua	1272	RefreshTextColors	opt_colors	Reset portrait colors	Portrait Colors	button	ButtonAt			reset_portrait_colors	registered	Matched Assistant action by label/alias.
MidnightSimpleUnitFrames/Shell/Menu2/Pages/MSUF_Menu2_AdvancedColors.lua	1361	BuildFontAndClassColors	opt_colors	Global font color	Text Colors	color	GetGlobalFontColor	rgb 0..1		general.customFontColor	registered	Matched Assistant setting by DB key or label/alias.
MidnightSimpleUnitFrames/Shell/Menu2/Pages/MSUF_Menu2_AdvancedColors.lua	1362	BuildFontAndClassColors	opt_colors	Use font palette	Text Colors	button	ButtonAt				unmapped	Helper callsite control; static audit could not prove registry mapping.
MidnightSimpleUnitFrames/Shell/Menu2/Pages/MSUF_Menu2_AdvancedColors.lua	1369	BuildFontAndClassColors	opt_colors	Player Name Color	Text Colors	dropdown	ValueDropdownAt	FONT_TEXT_MODE_VALUES.name		fontScope.shared.nameColorMode|fontScope.player.nameColorMode	partial	Multiple Assistant settings match; needs explicit one-to-one mapping.
MidnightSimpleUnitFrames/Shell/Menu2/Pages/MSUF_Menu2_AdvancedColors.lua	1376	BuildFontAndClassColors	opt_colors	NPC / Boss Name Color	Text Colors	dropdown	ValueDropdownAt	FONT_TEXT_MODE_VALUES.npc			unmapped	Helper callsite control; static audit could not prove registry mapping.
MidnightSimpleUnitFrames/Shell/Menu2/Pages/MSUF_Menu2_AdvancedColors.lua	1389	BuildFontAndClassColors	opt_colors	HP Text Color	Text Colors	dropdown	ValueDropdownAt	FONT_TEXT_MODE_VALUES.health		fontScope.shared.colorHealthTextByHealth	registered	Matched Assistant setting by DB key or label/alias.
MidnightSimpleUnitFrames/Shell/Menu2/Pages/MSUF_Menu2_AdvancedColors.lua	1400	BuildFontAndClassColors	opt_colors	Power Text Color	Text Colors	dropdown	ValueDropdownAt	FONT_TEXT_MODE_VALUES.power		fontScope.shared.colorPowerTextByType	registered	Matched Assistant setting by DB key or label/alias.
MidnightSimpleUnitFrames/Shell/Menu2/Pages/MSUF_Menu2_AdvancedColors.lua	1423	BuildFontAndClassColors	opt_colors	Fonts > Text Colors	Text Colors	button					unmapped	No Assistant registry key was matched by exact DB key or label.
MidnightSimpleUnitFrames/Shell/Menu2/Pages/MSUF_Menu2_AdvancedColors.lua	1447	BuildFontAndClassColors	opt_colors	<dynamic:COLOR_DATA.CLASS_LABELS[token] or token>	Class Bar Colors	color	ColorValueAt	rgb 0..1	ApplyUnit	classColors.WARRIOR|classColors.PALADIN|classColors.HUNTER|classColors.ROGUE|classColors.PRIEST|classColors.DEATHKNIGHT|classColors.SHAMAN|classColors.MAGE|classColors.WARLOCK|classColors.MONK|classColors.DRUID|classColors.DEMONHUNTER	registered	Matched dynamic class color swatches to registered class bar color settings.
MidnightSimpleUnitFrames/Shell/Menu2/Pages/MSUF_Menu2_AdvancedColors.lua	1453	BuildFontAndClassColors	opt_colors	Reset all class colors	Class Bar Colors	button	ButtonAt		ApplyUnit	reset_class_colors	registered	Matched class color reset button to registered reset action.
MidnightSimpleUnitFrames/Shell/Menu2/Pages/MSUF_Menu2_AdvancedColors.lua	2390	SetGradientRGB	opt_colors	Health gradient color	Bar Gradient Colors	color	ColorValueAt	rgb 0..1			unmapped	Helper callsite control; static audit could not prove registry mapping.
MidnightSimpleUnitFrames/Shell/Menu2/Pages/MSUF_Menu2_AdvancedColors.lua	2394	SetGradientRGB	opt_colors	Power gradient color	Bar Gradient Colors	color	ColorValueAt	rgb 0..1			unmapped	Helper callsite control; static audit could not prove registry mapping.
MidnightSimpleUnitFrames/Shell/Menu2/Pages/MSUF_Menu2_AdvancedColors.lua	2398	SetGradientRGB	opt_colors	Reset gradient colors	Bar Gradient Colors	button	ButtonAt				unmapped	Helper callsite control; static audit could not prove registry mapping.
MidnightSimpleUnitFrames/Shell/Menu2/Pages/MSUF_Menu2_AdvancedColors.lua	2414	BuildBackgroundAndAppearance	opt_colors	Background follows HP color	Bar Background Tint	toggle	ValueToggleAt		ApplyUnit	general.barBgMatchHPColor	registered	Matched Assistant setting by DB key or label/alias.
MidnightSimpleUnitFrames/Shell/Menu2/Pages/MSUF_Menu2_AdvancedColors.lua	2424	BuildBackgroundAndAppearance	opt_colors	Health background follows class color	Bar Background Tint	toggle	ValueToggleAt		ApplyUnit	general.barBgClassColor	registered	Matched Assistant setting by DB key or label/alias.
MidnightSimpleUnitFrames/Shell/Menu2/Pages/MSUF_Menu2_AdvancedColors.lua	2434	BuildBackgroundAndAppearance	opt_colors	Custom color in Dark Mode	Bar Background Tint	toggle	ValueToggleAt		ApplyUnit	general.darkBgCustomColor	registered	Matched Assistant setting by DB key or label/alias.
MidnightSimpleUnitFrames/Shell/Menu2/Pages/MSUF_Menu2_AdvancedColors.lua	2438	BuildBackgroundAndAppearance	opt_colors	Reset to black	Bar Background Tint	button	ButtonAt		ApplyUnit	reset_bar_background_color	registered	Matched bar background tint reset button to registered reset action.
MidnightSimpleUnitFrames/Shell/Menu2/Pages/MSUF_Menu2_AdvancedColors.lua	2478	SetBarMode	opt_colors	<dynamic:cardSpec.title>	Unitframe Global Coloring	button					unmapped	No Assistant registry key was matched by exact DB key or label.
MidnightSimpleUnitFrames/Shell/Menu2/Pages/MSUF_Menu2_AdvancedColors.lua	2486	SetBarMode	opt_colors	Bar mode	Unitframe Global Coloring	dropdown	ValueDropdownAt	"ValueTextPairs ""dark=Dark Mode (dark black bars)|class=Class Color Mode (color HP bars)|unified=Unified Color Mode (one color for all frames)|gradient=Color Gradient"""	ApplyUnit	general.barMode	registered	Matched Assistant setting by DB key or label/alias.
MidnightSimpleUnitFrames/Shell/Menu2/Pages/MSUF_Menu2_AdvancedColors.lua	2494	SetBarMode	opt_colors	Unified bar color	Unitframe Global Coloring	color	unifiedBar	rgb 0..1	ApplyUnit	general.unifiedBarColor	registered	Matched Assistant setting by DB key or label/alias.
MidnightSimpleUnitFrames/Shell/Menu2/Pages/MSUF_Menu2_AdvancedColors.lua	2495	SetBarMode	opt_colors	Dark mode bar color	Unitframe Global Coloring	slider	ValueSliderAt	min=0;max=100;step=1	ApplyUnit	general.darkBarGray	registered	Matched Assistant setting by DB key or label/alias.
MidnightSimpleUnitFrames/Shell/Menu2/Pages/MSUF_Menu2_AdvancedColors.lua	2508	SetBarMode	opt_colors	Gradient strength	Unitframe Global Coloring	slider	gradientStrength	min=0;max=1;step=0.05	ApplyUnit	general.gradientStrength|barScope.player.gradientStrength|barScope.target.gradientStrength|barScope.targettarget.gradientStrength|barScope.focustarget.gradientStrength|barScope.focus.gradientStrength|barScope.pet.gradientStrength|barScope.boss.gradientStrength	registered	Matched page-scoped Assistant settings by DB key and control type.
MidnightSimpleUnitFrames/Shell/Menu2/Pages/MSUF_Menu2_AdvancedColors.lua	2509	SetBarMode	opt_colors	Health Gradient	Unitframe Global Coloring	toggle	enableHealthGradient		ApplyUnit	general.enableHealthGradient	registered	Matched Assistant setting by DB key or label/alias.
MidnightSimpleUnitFrames/Shell/Menu2/Pages/MSUF_Menu2_AdvancedColors.lua	2514	SetBarMode	opt_colors	Low	Unitframe Global Coloring	color	healthGradientLow	rgb 0..1	ApplyUnit	general.healthGradientLow	registered	Matched Health Gradient stop swatch to registered color setting.
MidnightSimpleUnitFrames/Shell/Menu2/Pages/MSUF_Menu2_AdvancedColors.lua	2515	SetBarMode	opt_colors	Mid	Unitframe Global Coloring	color	healthGradientMid	rgb 0..1	ApplyUnit	general.healthGradientMid	registered	Matched Health Gradient stop swatch to registered color setting.
MidnightSimpleUnitFrames/Shell/Menu2/Pages/MSUF_Menu2_AdvancedColors.lua	2516	SetBarMode	opt_colors	High	Unitframe Global Coloring	color	healthGradientHigh	rgb 0..1	ApplyUnit	general.healthGradientHigh	registered	Matched Health Gradient stop swatch to registered color setting.
MidnightSimpleUnitFrames/Shell/Menu2/Pages/MSUF_Menu2_AdvancedColors.lua	2517	SetBarMode	opt_colors	Reset gradient	Unitframe Global Coloring	button	ButtonAt		ApplyUnit	reset_health_gradient_colors	registered	Matched Health Gradient reset button to registered reset action.
MidnightSimpleUnitFrames/Shell/Menu2/Pages/MSUF_Menu2_AdvancedColors.lua	2552	BuildUnitAndNPCColors	opt_colors	Pet Frame Color	Unitframe Colors	color	GetPetFrameColor	rgb 0..1	ApplyUnit	general.petFrameColor	registered	Matched Assistant setting by DB key or label/alias.
MidnightSimpleUnitFrames/Shell/Menu2/Pages/MSUF_Menu2_AdvancedColors.lua	2553	BuildUnitAndNPCColors	opt_colors	Friendly NPC class colors on HP bars (Class Color mode only)	Unitframe Colors	toggle	ValueToggleAt		ApplyUnit|Refresh		unmapped	Helper callsite control; static audit could not prove registry mapping.
MidnightSimpleUnitFrames/Shell/Menu2/Pages/MSUF_Menu2_AdvancedColors.lua	2562	BuildUnitAndNPCColors	opt_colors	Reset Unitframe Colors	Unitframe Colors	button	ButtonAt		Refresh	reset_unitframe_colors	registered	Matched Unitframe Colors reset button to registered reset action.
MidnightSimpleUnitFrames/Shell/Menu2/Pages/MSUF_Menu2_AdvancedColors.lua	2573	AddNPCTypeToggle	opt_colors	<dynamic:label>	NPC Type Colors	toggle	ValueToggleAt		ApplyUnit	general.npcTypeColorBar|general.npcTypeColorText|general.npcTypeTarget|general.npcTypeFocus|general.npcTypeBoss|general.npcTypeToT	registered	Matched dynamic NPC Type toggle helper to registered NPC-type apply settings.
MidnightSimpleUnitFrames/Shell/Menu2/Pages/MSUF_Menu2_AdvancedColors.lua	2587	AddNPCTypeToggle	opt_colors	NPC Type Colors	NPC Type Colors	toggle	ValueSwitchAt		ApplyUnit|Refresh	general.npcTypeColorBar|general.npcTypeColorText|general.npcTypeTarget|general.npcTypeFocus|general.npcTypeBoss|general.npcTypeToT	registered	Matched dynamic NPC Type toggle helper to registered NPC-type apply settings.
MidnightSimpleUnitFrames/Shell/Menu2/Pages/MSUF_Menu2_AdvancedColors.lua	2613	AddNPCTypeToggle	opt_colors	Reset NPC Type Colors	NPC Type Colors	button	ButtonAt		Refresh	general.npcTypeColorBar|general.npcTypeColorText|general.npcTypeTarget|general.npcTypeFocus|general.npcTypeBoss|general.npcTypeToT	registered	Matched dynamic NPC Type toggle helper to registered NPC-type apply settings.
MidnightSimpleUnitFrames/Shell/Menu2/Pages/MSUF_Menu2_AdvancedColors.lua	2642	BuildBarAndGroupColors	opt_colors	Positive Heal Prediction	Bar & Prediction Colors	color	ColorValueAt	rgb 0..1			unmapped	Helper callsite control; static audit could not prove registry mapping.
MidnightSimpleUnitFrames/Shell/Menu2/Pages/MSUF_Menu2_AdvancedColors.lua	2651	BuildBarAndGroupColors	opt_colors	Purge Border Color	Bar & Prediction Colors	color	ColorValueAt	rgb 0..1		general.purgeBorderColor	registered	Matched Assistant setting by DB key or label/alias.
MidnightSimpleUnitFrames/Shell/Menu2/Pages/MSUF_Menu2_AdvancedColors.lua	2655	BuildBarAndGroupColors	opt_colors	Bar Outline Color	Bar & Prediction Colors	color	ColorValueAt	rgb 0..1		general.barOutlineColor	registered	Matched Assistant setting by DB key or label/alias.
MidnightSimpleUnitFrames/Shell/Menu2/Pages/MSUF_Menu2_AdvancedColors.lua	2665	BuildBarAndGroupColors	opt_colors	Power background matches HP	Bar & Prediction Colors	toggle	ValueToggleAt			general.powerBarBgMatchBarColor	registered	Matched Assistant setting by DB key or label/alias.
MidnightSimpleUnitFrames/Shell/Menu2/Pages/MSUF_Menu2_AdvancedColors.lua	2675	BuildBarAndGroupColors	opt_colors	Reset Bar Colors	Bar & Prediction Colors	button	ButtonAt			reset_bar_colors	registered	Matched Assistant action by label/alias.
MidnightSimpleUnitFrames/Shell/Menu2/Pages/MSUF_Menu2_AdvancedColors.lua	2714	BuildCastbarColors	opt_colors	Custom color	Castbar Colors	color	ColorValueAt	rgb 0..1		general.playerCastbarOverrideColor	registered	Matched player castbar override color swatch to registered setting.
MidnightSimpleUnitFrames/Shell/Menu2/Pages/MSUF_Menu2_AdvancedColors.lua	2721	BuildCastbarColors	opt_colors	Mode	Castbar Colors	dropdown	ValueDropdownAt	"ValueTextPairs ""CLASS=Class color|CUSTOM=Custom color"""	Refresh	general.playerCastbarOverrideMode	registered	Matched player castbar override mode dropdown to registered setting.
MidnightSimpleUnitFrames/Shell/Menu2/Pages/MSUF_Menu2_AdvancedColors.lua	2736	RefreshCastbarOverrideControls	opt_colors	Player override	Castbar Colors	toggle	ValueSwitchAt		Refresh	general.playerCastbarOverrideEnabled|general.playerCastbarOverrideMode|general.playerCastbarOverrideColor	registered	Matched castbar override refresh helper call to registered player castbar override settings.
MidnightSimpleUnitFrames/Shell/Menu2/Pages/MSUF_Menu2_AdvancedColors.lua	2751	RefreshCastbarOverrideControls	opt_colors	Unavailable fill color	Castbar Colors	color	GetInterruptUnavailableCastColor	rgb 0..1	Refresh	general.playerCastbarOverrideEnabled|general.playerCastbarOverrideMode|general.playerCastbarOverrideColor	registered	Matched castbar override refresh helper call to registered player castbar override settings.
MidnightSimpleUnitFrames/Shell/Menu2/Pages/MSUF_Menu2_AdvancedColors.lua	2752	RefreshCastbarOverrideControls	opt_colors	Reset castbar colors	Castbar Colors	button	ButtonAt		Refresh	general.playerCastbarOverrideEnabled|general.playerCastbarOverrideMode|general.playerCastbarOverrideColor	registered	Matched castbar override refresh helper call to registered player castbar override settings.
MidnightSimpleUnitFrames/Shell/Menu2/Pages/MSUF_Menu2_AdvancedColors.lua	2773	BuildHighlightAndGameplayColors	opt_colors	Mouseover highlight color	Highlight Colors	color	ColorValueAt	rgb 0..1	ApplyGameplay	general.highlightColor	registered	Matched mouseover highlight color swatch to registered color setting.
MidnightSimpleUnitFrames/Shell/Menu2/Pages/MSUF_Menu2_AdvancedColors.lua	2775	BuildHighlightAndGameplayColors	opt_colors	Boss target highlight color	Highlight Colors	color	bossTargetHighlightColor	rgb 0..1	ApplyGameplay	general.bossTargetHighlightColor	registered	Matched Assistant setting by DB key or label/alias.
MidnightSimpleUnitFrames/Shell/Menu2/Pages/MSUF_Menu2_AdvancedColors.lua	2782	BuildHighlightAndGameplayColors	opt_colors	Combat Enter text color	Combat Feedback	color	ColorValueAt	rgb 0..1	ApplyGameplay	gameplay.combatStateEnterColor	registered	Matched Assistant setting by DB key or label/alias.
MidnightSimpleUnitFrames/Shell/Menu2/Pages/MSUF_Menu2_AdvancedColors.lua	2797	BuildHighlightAndGameplayColors	opt_colors	Sync	Combat Feedback	toggle	combatStateColorSync		ApplyGameplay	gameplay.combatStateColorSync	registered	Matched Assistant setting by DB key or label/alias.
MidnightSimpleUnitFrames/Shell/Menu2/Pages/MSUF_Menu2_AdvancedColors.lua	2808	BuildHighlightAndGameplayColors	opt_colors	Reset gameplay colors	Combat Feedback	button	ButtonAt		ApplyGameplay	reset_gameplay_colors	registered	Matched Assistant action by label/alias.
MidnightSimpleUnitFrames/Shell/Menu2/Pages/MSUF_Menu2_AdvancedGameplay.lua	146	SectionColumns	gameplay	Combat Timer	Combat Timer	toggle	enableCombatTimer		ApplyGameplay	gameplay.enableCombatTimer	registered	Matched Assistant setting by DB key or label/alias.
MidnightSimpleUnitFrames/Shell/Menu2/Pages/MSUF_Menu2_AdvancedGameplay.lua	161	SectionColumns	gameplay	Combat Timer	Combat Timer	toggle	enableCombatTimer		ApplyGameplay	gameplay.enableCombatTimer	registered	Matched Assistant setting by DB key or label/alias.
MidnightSimpleUnitFrames/Shell/Menu2/Pages/MSUF_Menu2_AdvancedGameplay.lua	201	SectionColumns	gameplay	Combat Enter/Leave	Combat Enter/Leave	toggle	enableCombatStateText		ApplyGameplay	gameplay.enableCombatStateText	registered	Matched Assistant setting by DB key or label/alias.
MidnightSimpleUnitFrames/Shell/Menu2/Pages/MSUF_Menu2_AdvancedGameplay.lua	203	SectionColumns	gameplay	Enter text	Combat Enter/Leave	textinput				gameplay.combatStateEnterText	registered	Matched combat enter text input to gameplay string setting.
MidnightSimpleUnitFrames/Shell/Menu2/Pages/MSUF_Menu2_AdvancedGameplay.lua	204	SectionColumns	gameplay	Leave text	Combat Enter/Leave	textinput			ApplyGameplay	gameplay.combatStateLeaveText	registered	Matched combat leave text input to gameplay string setting.
MidnightSimpleUnitFrames/Shell/Menu2/Pages/MSUF_Menu2_AdvancedGameplay.lua	213	SectionColumns	gameplay	Combat Enter/Leave	Combat Enter/Leave	toggle	enableCombatStateText		ApplyGameplay	gameplay.enableCombatStateText	registered	Matched Assistant setting by DB key or label/alias.
MidnightSimpleUnitFrames/Shell/Menu2/Pages/MSUF_Menu2_AdvancedGameplay.lua	215	SectionColumns	gameplay	Enter text	Combat Enter/Leave	textinput				gameplay.combatStateEnterText	registered	Matched combat enter text input to gameplay string setting.
MidnightSimpleUnitFrames/Shell/Menu2/Pages/MSUF_Menu2_AdvancedGameplay.lua	216	SectionColumns	gameplay	Leave text	Combat Enter/Leave	textinput				gameplay.combatStateLeaveText	registered	Matched combat leave text input to gameplay string setting.
MidnightSimpleUnitFrames/Shell/Menu2/Pages/MSUF_Menu2_AdvancedGameplay.lua	245	SectionColumns	gameplay	Blizzard TotemFrame	Class-specific toggles	toggle	enablePlayerTotems		ApplyGameplay	gameplay.enablePlayerTotems	registered	Matched Assistant setting by DB key or label/alias.
MidnightSimpleUnitFrames/Shell/Menu2/Pages/MSUF_Menu2_AdvancedGameplay.lua	246	SectionColumns	gameplay	Preview	Class-specific toggles	button				preview_player_totems	registered	Matched TotemFrame preview button to Assistant preview action.
MidnightSimpleUnitFrames/Shell/Menu2/Pages/MSUF_Menu2_AdvancedGameplay.lua	248	SectionColumns	gameplay	Reset TotemFrame layout	Class-specific toggles	button			ApplyGameplay	reset_player_totems_layout	registered	Matched TotemFrame reset button to Assistant reset action.
MidnightSimpleUnitFrames/Shell/Menu2/Pages/MSUF_Menu2_AdvancedGameplay.lua	262	SectionColumns	gameplay	Blizzard TotemFrame	Class-specific toggles	toggle	enablePlayerTotems		ApplyGameplay	gameplay.enablePlayerTotems	registered	Matched Assistant setting by DB key or label/alias.
MidnightSimpleUnitFrames/Shell/Menu2/Pages/MSUF_Menu2_AdvancedGameplay.lua	263	SectionColumns	gameplay	Preview	Class-specific toggles	button				preview_player_totems	registered	Matched TotemFrame preview button to Assistant preview action.
MidnightSimpleUnitFrames/Shell/Menu2/Pages/MSUF_Menu2_AdvancedGameplay.lua	265	SectionColumns	gameplay	Reset TotemFrame layout	Class-specific toggles	button				reset_player_totems_layout	registered	Matched TotemFrame reset button to Assistant reset action.
MidnightSimpleUnitFrames/Shell/Menu2/Pages/MSUF_Menu2_AdvancedGameplay.lua	323	ApplyMeleeSpecScope	gameplay	Combat Crosshair	Combat Crosshair	toggle	enableCombatCrosshair		ApplyGameplay	gameplay.enableCombatCrosshair	registered	Matched Assistant setting by DB key or label/alias.
MidnightSimpleUnitFrames/Shell/Menu2/Pages/MSUF_Menu2_AdvancedGameplay.lua	327	ApplyMeleeSpecScope	gameplay	Choose spell ID or name	Combat Crosshair	textinput				set_crosshair_melee_spell|gameplay.nameplateMeleeSpellID	registered	Matched crosshair spell input to Assistant spell action and backing setting.
MidnightSimpleUnitFrames/Shell/Menu2/Pages/MSUF_Menu2_AdvancedGameplay.lua	346	ApplyMeleeSpecScope	gameplay	Combat Crosshair	Combat Crosshair	toggle	enableCombatCrosshair		ApplyGameplay	gameplay.enableCombatCrosshair	registered	Matched Assistant setting by DB key or label/alias.
MidnightSimpleUnitFrames/Shell/Menu2/Pages/MSUF_Menu2_AdvancedGameplay.lua	350	ApplyMeleeSpecScope	gameplay	Choose spell ID or name	Combat Crosshair	textinput				set_crosshair_melee_spell|gameplay.nameplateMeleeSpellID	registered	Matched crosshair spell input to Assistant spell action and backing setting.
MidnightSimpleUnitFrames/Shell/Menu2/Pages/MSUF_Menu2_AdvancedProfiles.lua	226	ProfileButton	profiles,modules	<dynamic:label>	ProfileButton	button				switch_profile|copy_profile|reset_profile|delete_profile|export_profile|import_profile_string	registered	Matched Profiles local ProfileButton() factory to registered profile actions used at concrete call sites.
MidnightSimpleUnitFrames/Shell/Menu2/Pages/MSUF_Menu2_AdvancedProfiles.lua	256	ProfileButton	profiles,modules	Active profile	Profile Management	dropdown		{}	RequestGeneralApply|Refresh	switch_profile	registered	Matched active-profile dropdown to profile switch action.
MidnightSimpleUnitFrames/Shell/Menu2/Pages/MSUF_Menu2_AdvancedProfiles.lua	274	RefreshProfileValues	profiles,modules	Profile name for create/copy	Profile Management	textinput				set_menu_selector_state	registered	Matched profile create/copy name staging input to Assistant menu selector state action.
MidnightSimpleUnitFrames/Shell/Menu2/Pages/MSUF_Menu2_AdvancedProfiles.lua	393	RefreshProfileValues	profiles,modules	Auto-switch profile by specialization	Spec Profiles	toggle			Refresh	profiles.specAutoSwitch	registered	Matched profile spec auto-switch setting.
MidnightSimpleUnitFrames/Shell/Menu2/Pages/MSUF_Menu2_AdvancedProfiles.lua	413	RefreshProfileValues	profiles,modules	<dynamic:s.name>	Spec Profiles	dropdown		function() return ProfileValues(true) end	Refresh	set_spec_profile|clear_spec_profile	registered	Matched dynamic specialization profile assignment actions.
MidnightSimpleUnitFrames/Shell/Menu2/Pages/MSUF_Menu2_AdvancedProfiles.lua	435	RefreshProfileValues	profiles,modules	Export kind	Export / Import	dropdown		"VT(""all"", ""Full profile"", ""unitframe"", ""Unitframes"", ""castbar"", ""Castbars"", ""colors"", ""Colors"", ""gameplay"", ""Gameplay"", ""groupframe"", ""Group Frames"")"		set_menu_selector_state	registered	Matched profile export-kind staging dropdown to Assistant menu selector state action.
MidnightSimpleUnitFrames/Shell/Menu2/Pages/MSUF_Menu2_AdvancedProfiles.lua	442	RefreshProfileValues	profiles,modules	Profile string	Export / Import	textinput				set_menu_selector_state|export_profile|import_profile_string|import_profile_string_new|import_legacy_profile_string	registered	Matched profile-string staging input/output to Assistant staging plus export/import actions.
MidnightSimpleUnitFrames/Shell/Menu2/Pages/MSUF_Menu2_AdvancedProfiles.lua	466	RefreshProfileValues	profiles,modules	Import to current profile	Export / Import	button				import_profile_string	registered	Matched active-profile import action.
MidnightSimpleUnitFrames/Shell/Menu2/Pages/MSUF_Menu2_AdvancedProfiles.lua	495	RefreshProfileValues	profiles,modules	Import and create new profile	Export / Import	toggle				set_menu_selector_state	registered	Matched new-profile import mode toggle to Assistant menu selector state action.
MidnightSimpleUnitFrames/Shell/Menu2/Pages/MSUF_Menu2_AdvancedProfiles.lua	498	RefreshProfileValues	profiles,modules	New profile name	Export / Import	textinput			Refresh	set_menu_selector_state	registered	Matched new-profile import name staging input to Assistant menu selector state action.
MidnightSimpleUnitFrames/Shell/Menu2/Pages/MSUF_Menu2_AdvancedProfiles.lua	644	BuildModules	profiles,modules	MSUF Style	Style	toggle				general.styleEnabled	registered	Matched Assistant setting by DB key or label/alias.
MidnightSimpleUnitFrames/Shell/Menu2/Pages/MSUF_Menu2_Auras.lua	555	BuildAuraStyleScopeOverrideSection	auras3_buffs,auras3_debuffs,auras3_custom,auras3_styling,auras3_filters	Use custom aura style for this scope	BuildAuraStyleScopeOverrideSection	toggle			ApplyUnit	auras3.player.customStyle|auras3.player.useSharedStyle|auras3.target.customStyle|auras3.target.useSharedStyle|auras3.focus.customStyle|auras3.focus.useSharedStyle|auras3.boss.customStyle|auras3.boss.useSharedStyle	registered	Matched Aura custom-style override toggle to registered custom/shared style settings.
MidnightSimpleUnitFrames/Shell/Menu2/Pages/MSUF_Menu2_Auras.lua	571	BuildAuraStyleScopeOverrideSection	auras3_buffs,auras3_debuffs,auras3_custom,auras3_styling,auras3_filters	Reset	BuildAuraStyleScopeOverrideSection	button			ApplyUnit|Refresh	auras3.player.customStyle|auras3.player.useSharedStyle|auras3.target.customStyle|auras3.target.useSharedStyle|auras3.focus.customStyle|auras3.focus.useSharedStyle|auras3.boss.customStyle|auras3.boss.useSharedStyle	registered	Matched Aura custom-style override toggle to registered custom/shared style settings.
MidnightSimpleUnitFrames/Shell/Menu2/Pages/MSUF_Menu2_Auras.lua	1821	BodyWidth	auras3_buffs,auras3_debuffs,auras3_custom,auras3_styling,auras3_filters	Icon Zoom (%)	BodyWidth	slider	iconZoom				unmapped	Helper-created control; static audit could not prove registry mapping.
MidnightSimpleUnitFrames/Shell/Menu2/Pages/MSUF_Menu2_Auras.lua	1826	BodyWidth	auras3_buffs,auras3_debuffs,auras3_custom,auras3_styling,auras3_filters	Dispel-type Border	BodyWidth	dropdown	bBind			gf_party.auras.debuff.dispelBorderMode|gf_raid.auras.debuff.dispelBorderMode|gf_mythicraid.auras.debuff.dispelBorderMode	registered	Matched Group Aura dispel-type border dropdown to registered group aura border settings.
MidnightSimpleUnitFrames/Shell/Menu2/Pages/MSUF_Menu2_Auras.lua	1855	BodyWidth	auras3_buffs,auras3_debuffs,auras3_custom,auras3_styling,auras3_filters	Anchor	BodyWidth	dropdown	bBind		ApplyUnit|Refresh	auras3.shared.buff.cooldownAnchor|auras3.shared.debuff.cooldownAnchor|auras3.player.buff.cooldownAnchor|auras3.player.debuff.cooldownAnchor|auras3.target.buff.cooldownAnchor|auras3.target.debuff.cooldownAnchor|auras3.focus.buff.cooldownAnchor|auras3.focus.debuff.cooldownAnchor|auras3.boss.buff.cooldownAnchor|auras3.boss.debuff.cooldownAnchor	registered	Matched Unit Aura anchor dropdown to registered lane anchor settings.
MidnightSimpleUnitFrames/Shell/Menu2/Pages/MSUF_Menu2_Auras.lua	1870	BodyWidth	auras3_buffs,auras3_debuffs,auras3_custom,auras3_styling,auras3_filters	Text Size	BodyWidth	slider	stackTextSize			auras3.shared.stackTextSize|auras3.shared.buff.stackTextSize|auras3.shared.debuff.stackTextSize|auras3.player.stackTextSize|auras3.player.buff.stackTextSize|auras3.player.debuff.stackTextSize|auras3.target.stackTextSize|auras3.target.buff.stackTextSize	registered	Matched page-scoped Assistant settings by DB key and control type.
MidnightSimpleUnitFrames/Shell/Menu2/Pages/MSUF_Menu2_Auras.lua	1872	BodyWidth	auras3_buffs,auras3_debuffs,auras3_custom,auras3_styling,auras3_filters	X	BodyWidth	slider	stackTextOffsetX			auras3.shared.buff.stackTextOffsetX|auras3.shared.debuff.stackTextOffsetX|auras3.player.buff.stackTextOffsetX|auras3.player.debuff.stackTextOffsetX|auras3.target.buff.stackTextOffsetX|auras3.target.debuff.stackTextOffsetX|auras3.focus.buff.stackTextOffsetX|auras3.focus.debuff.stackTextOffsetX	registered	Matched page-scoped Assistant settings by DB key and control type.
MidnightSimpleUnitFrames/Shell/Menu2/Pages/MSUF_Menu2_Auras.lua	1873	BodyWidth	auras3_buffs,auras3_debuffs,auras3_custom,auras3_styling,auras3_filters	Y	BodyWidth	slider	stackTextOffsetY			auras3.shared.buff.stackTextOffsetY|auras3.shared.debuff.stackTextOffsetY|auras3.player.buff.stackTextOffsetY|auras3.player.debuff.stackTextOffsetY|auras3.target.buff.stackTextOffsetY|auras3.target.debuff.stackTextOffsetY|auras3.focus.buff.stackTextOffsetY|auras3.focus.debuff.stackTextOffsetY	registered	Matched page-scoped Assistant settings by DB key and control type.
MidnightSimpleUnitFrames/Shell/Menu2/Pages/MSUF_Menu2_Auras.lua	1898	BodyWidth	auras3_buffs,auras3_debuffs,auras3_custom,auras3_styling,auras3_filters	Text Size	BodyWidth	slider	cooldownTextSize			auras3.shared.cooldownTextSize|auras3.shared.buff.cooldownTextSize|auras3.shared.debuff.cooldownTextSize|auras3.player.cooldownTextSize|auras3.player.buff.cooldownTextSize|auras3.player.debuff.cooldownTextSize|auras3.target.cooldownTextSize|auras3.target.buff.cooldownTextSize	registered	Matched page-scoped Assistant settings by DB key and control type.
MidnightSimpleUnitFrames/Shell/Menu2/Pages/MSUF_Menu2_Auras.lua	1899	BodyWidth	auras3_buffs,auras3_debuffs,auras3_custom,auras3_styling,auras3_filters	Anchor	BodyWidth	dropdown	AURAS3_COOLDOWN_ANCHOR			auras3.shared.buff.cooldownAnchor|auras3.shared.debuff.cooldownAnchor|auras3.player.buff.cooldownAnchor|auras3.player.debuff.cooldownAnchor|auras3.target.buff.cooldownAnchor|auras3.target.debuff.cooldownAnchor|auras3.focus.buff.cooldownAnchor|auras3.focus.debuff.cooldownAnchor|auras3.boss.buff.cooldownAnchor|auras3.boss.debuff.cooldownAnchor	registered	Matched Unit Aura anchor dropdown to registered lane anchor settings.
MidnightSimpleUnitFrames/Shell/Menu2/Pages/MSUF_Menu2_Auras.lua	1900	BodyWidth	auras3_buffs,auras3_debuffs,auras3_custom,auras3_styling,auras3_filters	X	BodyWidth	slider	cooldownTextOffsetX			auras3.shared.buff.cooldownTextOffsetX|auras3.shared.debuff.cooldownTextOffsetX|auras3.player.buff.cooldownTextOffsetX|auras3.player.debuff.cooldownTextOffsetX|auras3.target.buff.cooldownTextOffsetX|auras3.target.debuff.cooldownTextOffsetX|auras3.focus.buff.cooldownTextOffsetX|auras3.focus.debuff.cooldownTextOffsetX	registered	Matched page-scoped Assistant settings by DB key and control type.
MidnightSimpleUnitFrames/Shell/Menu2/Pages/MSUF_Menu2_Auras.lua	1901	BodyWidth	auras3_buffs,auras3_debuffs,auras3_custom,auras3_styling,auras3_filters	Y	BodyWidth	slider	cooldownTextOffsetY			auras3.shared.buff.cooldownTextOffsetY|auras3.shared.debuff.cooldownTextOffsetY|auras3.player.buff.cooldownTextOffsetY|auras3.player.debuff.cooldownTextOffsetY|auras3.target.buff.cooldownTextOffsetY|auras3.target.debuff.cooldownTextOffsetY|auras3.focus.buff.cooldownTextOffsetY|auras3.focus.debuff.cooldownTextOffsetY	registered	Matched page-scoped Assistant settings by DB key and control type.
MidnightSimpleUnitFrames/Shell/Menu2/Pages/MSUF_Menu2_Auras.lua	1902	BodyWidth	auras3_buffs,auras3_debuffs,auras3_custom,auras3_styling,auras3_filters	Swipe Direction	BodyWidth	dropdown	AURAS3_COOLDOWN_SWIPE_DIRECTION			gf_party.auras.buff.cooldownSwipeReverse|gf_party.auras.debuff.cooldownSwipeReverse|gf_raid.auras.buff.cooldownSwipeReverse|gf_raid.auras.debuff.cooldownSwipeReverse|gf_mythicraid.auras.buff.cooldownSwipeReverse|gf_mythicraid.auras.debuff.cooldownSwipeReverse	registered	Matched Aura cooldown swipe direction dropdown to registered lane settings.
MidnightSimpleUnitFrames/Shell/Menu2/Pages/MSUF_Menu2_Auras.lua	1904	BodyWidth	auras3_buffs,auras3_debuffs,auras3_custom,auras3_styling,auras3_filters	Decimals below sec	BodyWidth	slider	cooldownDecimalSeconds			auras3.shared.buff.cooldownDecimalSeconds|auras3.shared.debuff.cooldownDecimalSeconds|auras3.player.buff.cooldownDecimalSeconds|auras3.player.debuff.cooldownDecimalSeconds|auras3.target.buff.cooldownDecimalSeconds|auras3.target.debuff.cooldownDecimalSeconds|auras3.focus.buff.cooldownDecimalSeconds|auras3.focus.debuff.cooldownDecimalSeconds	registered	Matched page-scoped Assistant settings by DB key and control type.
MidnightSimpleUnitFrames/Shell/Menu2/Pages/MSUF_Menu2_Auras.lua	1915	BodyWidth	auras3_buffs,auras3_debuffs,auras3_custom,auras3_styling,auras3_filters	Height	BodyWidth	slider	durationBarHeight			auras3.shared.buff.durationBarHeight|auras3.shared.debuff.durationBarHeight|auras3.player.buff.durationBarHeight|auras3.player.debuff.durationBarHeight|auras3.target.buff.durationBarHeight|auras3.target.debuff.durationBarHeight|auras3.focus.buff.durationBarHeight|auras3.focus.debuff.durationBarHeight	registered	Matched page-scoped Assistant settings by DB key and control type.
MidnightSimpleUnitFrames/Shell/Menu2/Pages/MSUF_Menu2_Auras.lua	1916	BodyWidth	auras3_buffs,auras3_debuffs,auras3_custom,auras3_styling,auras3_filters	Display	BodyWidth	dropdown	bBind			gf_party.auras.buff.durationBarDisplay|gf_party.auras.debuff.durationBarDisplay|gf_raid.auras.buff.durationBarDisplay|gf_raid.auras.debuff.durationBarDisplay|gf_mythicraid.auras.buff.durationBarDisplay|gf_mythicraid.auras.debuff.durationBarDisplay	registered	Matched Aura duration-bar display dropdown to registered lane settings.
MidnightSimpleUnitFrames/Shell/Menu2/Pages/MSUF_Menu2_Auras.lua	1919	BodyWidth	auras3_buffs,auras3_debuffs,auras3_custom,auras3_styling,auras3_filters	Position	BodyWidth	dropdown	bBind		ApplyUnit	auras3.shared.buff.durationBarPosition|auras3.shared.debuff.durationBarPosition|auras3.player.buff.durationBarPosition|auras3.player.debuff.durationBarPosition|auras3.target.buff.durationBarPosition|auras3.target.debuff.durationBarPosition|auras3.focus.buff.durationBarPosition|auras3.focus.debuff.durationBarPosition|auras3.boss.buff.durationBarPosition|auras3.boss.debuff.durationBarPosition	registered	Matched Unit Aura duration-bar position dropdown to registered lane settings.
MidnightSimpleUnitFrames/Shell/Menu2/Pages/MSUF_Menu2_Auras.lua	1922	BodyWidth	auras3_buffs,auras3_debuffs,auras3_custom,auras3_styling,auras3_filters	Fill Mode	BodyWidth	dropdown	bBind		ApplyUnit	auras3.shared.buff.durationBarDirection|auras3.shared.debuff.durationBarDirection|auras3.player.buff.durationBarDirection|auras3.player.debuff.durationBarDirection|auras3.target.buff.durationBarDirection|auras3.target.debuff.durationBarDirection|auras3.focus.buff.durationBarDirection|auras3.focus.debuff.durationBarDirection|auras3.boss.buff.durationBarDirection|auras3.boss.debuff.durationBarDirection	registered	Matched Unit Aura duration-bar fill-mode dropdown to registered lane settings.
MidnightSimpleUnitFrames/Shell/Menu2/Pages/MSUF_Menu2_Auras.lua	1939	WriteEffectValue	auras3_buffs,auras3_debuffs,auras3_custom,auras3_styling,auras3_filters	Effect	WriteEffectValue	dropdown	bBind				unmapped	Helper-created control; static audit could not prove registry mapping.
MidnightSimpleUnitFrames/Shell/Menu2/Pages/MSUF_Menu2_Auras.lua	1944	WriteEffectValue	auras3_buffs,auras3_debuffs,auras3_custom,auras3_styling,auras3_filters	Color	WriteEffectValue	color		rgb 0..1			unmapped	No Assistant registry key was matched by exact DB key or label.
MidnightSimpleUnitFrames/Shell/Menu2/Pages/MSUF_Menu2_Auras.lua	1987	EffectSlider	auras3_buffs,auras3_debuffs,auras3_custom,auras3_styling,auras3_filters	Sort By	EffectSlider	dropdown	bBind		Refresh		unmapped	Helper-created control; static audit could not prove registry mapping.
MidnightSimpleUnitFrames/Shell/Menu2/Pages/MSUF_Menu2_Auras.lua	1990	EffectSlider	auras3_buffs,auras3_debuffs,auras3_custom,auras3_styling,auras3_filters	Order	EffectSlider	dropdown	bBind		Refresh		unmapped	Helper-created control; static audit could not prove registry mapping.
MidnightSimpleUnitFrames/Shell/Menu2/Pages/MSUF_Menu2_Auras.lua	2070	BodyWidth	auras3_buffs,auras3_debuffs,auras3_custom,auras3_styling,auras3_filters	Dispel-type Border	BodyWidth	dropdown	bBind		Refresh	gf_party.auras.debuff.dispelBorderMode|gf_raid.auras.debuff.dispelBorderMode|gf_mythicraid.auras.debuff.dispelBorderMode	registered	Matched Group Aura dispel-type border dropdown to registered group aura border settings.
MidnightSimpleUnitFrames/Shell/Menu2/Pages/MSUF_Menu2_Auras.lua	2103	BodyWidth	auras3_buffs,auras3_debuffs,auras3_custom,auras3_styling,auras3_filters	Cooldown Font	BodyWidth	slider	cooldownSize		Refresh	gf_party.auras.buff.cooldownSize|gf_party.auras.debuff.cooldownSize|gf_raid.auras.buff.cooldownSize|gf_raid.auras.debuff.cooldownSize|gf_mythicraid.auras.buff.cooldownSize|gf_mythicraid.auras.debuff.cooldownSize	registered	Matched page-scoped Assistant settings by DB key and control type.
MidnightSimpleUnitFrames/Shell/Menu2/Pages/MSUF_Menu2_Auras.lua	2104	BodyWidth	auras3_buffs,auras3_debuffs,auras3_custom,auras3_styling,auras3_filters	Cooldown Anchor	BodyWidth	dropdown	cooldownAnchor		Refresh	auras3.shared.cooldownAnchor|auras3.shared.buff.cooldownAnchor|auras3.shared.debuff.cooldownAnchor|auras3.player.cooldownAnchor|auras3.player.buff.cooldownAnchor|auras3.player.debuff.cooldownAnchor|auras3.target.cooldownAnchor|auras3.target.buff.cooldownAnchor	registered	Matched page-scoped Assistant settings by DB key and control type.
MidnightSimpleUnitFrames/Shell/Menu2/Pages/MSUF_Menu2_Auras.lua	2106	BodyWidth	auras3_buffs,auras3_debuffs,auras3_custom,auras3_styling,auras3_filters	Cooldown X	BodyWidth	slider	cooldownX		Refresh	gf_party.auras.buff.cooldownX|gf_party.auras.debuff.cooldownX|gf_raid.auras.buff.cooldownX|gf_raid.auras.debuff.cooldownX|gf_mythicraid.auras.buff.cooldownX|gf_mythicraid.auras.debuff.cooldownX	registered	Matched page-scoped Assistant settings by DB key and control type.
MidnightSimpleUnitFrames/Shell/Menu2/Pages/MSUF_Menu2_Auras.lua	2107	BodyWidth	auras3_buffs,auras3_debuffs,auras3_custom,auras3_styling,auras3_filters	Cooldown Y	BodyWidth	slider	cooldownY		Refresh	gf_party.auras.buff.cooldownY|gf_party.auras.debuff.cooldownY|gf_raid.auras.buff.cooldownY|gf_raid.auras.debuff.cooldownY|gf_mythicraid.auras.buff.cooldownY|gf_mythicraid.auras.debuff.cooldownY	registered	Matched page-scoped Assistant settings by DB key and control type.
MidnightSimpleUnitFrames/Shell/Menu2/Pages/MSUF_Menu2_Auras.lua	2108	BodyWidth	auras3_buffs,auras3_debuffs,auras3_custom,auras3_styling,auras3_filters	Swipe Direction	BodyWidth	dropdown	bBind		Refresh	gf_party.auras.buff.cooldownSwipeReverse|gf_party.auras.debuff.cooldownSwipeReverse|gf_raid.auras.buff.cooldownSwipeReverse|gf_raid.auras.debuff.cooldownSwipeReverse|gf_mythicraid.auras.buff.cooldownSwipeReverse|gf_mythicraid.auras.debuff.cooldownSwipeReverse	registered	Matched Aura cooldown swipe direction dropdown to registered lane settings.
MidnightSimpleUnitFrames/Shell/Menu2/Pages/MSUF_Menu2_Auras.lua	2119	BodyWidth	auras3_buffs,auras3_debuffs,auras3_custom,auras3_styling,auras3_filters	Decimals below sec	BodyWidth	slider	cooldownDecimalSeconds		Refresh	auras3.shared.buff.cooldownDecimalSeconds|auras3.shared.debuff.cooldownDecimalSeconds|auras3.player.buff.cooldownDecimalSeconds|auras3.player.debuff.cooldownDecimalSeconds|auras3.target.buff.cooldownDecimalSeconds|auras3.target.debuff.cooldownDecimalSeconds|auras3.focus.buff.cooldownDecimalSeconds|auras3.focus.debuff.cooldownDecimalSeconds	registered	Matched page-scoped Assistant settings by DB key and control type.
MidnightSimpleUnitFrames/Shell/Menu2/Pages/MSUF_Menu2_Auras.lua	2130	BodyWidth	auras3_buffs,auras3_debuffs,auras3_custom,auras3_styling,auras3_filters	Height	BodyWidth	slider	durationBarHeight		Refresh	auras3.shared.buff.durationBarHeight|auras3.shared.debuff.durationBarHeight|auras3.player.buff.durationBarHeight|auras3.player.debuff.durationBarHeight|auras3.target.buff.durationBarHeight|auras3.target.debuff.durationBarHeight|auras3.focus.buff.durationBarHeight|auras3.focus.debuff.durationBarHeight	registered	Matched page-scoped Assistant settings by DB key and control type.
MidnightSimpleUnitFrames/Shell/Menu2/Pages/MSUF_Menu2_Auras.lua	2131	BodyWidth	auras3_buffs,auras3_debuffs,auras3_custom,auras3_styling,auras3_filters	Display	BodyWidth	dropdown	durationBarDisplay		Refresh	gf_party.auras.buff.durationBarDisplay|gf_party.auras.debuff.durationBarDisplay|gf_raid.auras.buff.durationBarDisplay|gf_raid.auras.debuff.durationBarDisplay|gf_mythicraid.auras.buff.durationBarDisplay|gf_mythicraid.auras.debuff.durationBarDisplay	registered	Matched Aura duration-bar display dropdown to registered lane settings.
MidnightSimpleUnitFrames/Shell/Menu2/Pages/MSUF_Menu2_Auras.lua	2132	BodyWidth	auras3_buffs,auras3_debuffs,auras3_custom,auras3_styling,auras3_filters	Position	BodyWidth	dropdown	durationBarPosition		Refresh	auras3.shared.buff.durationBarPosition|auras3.shared.debuff.durationBarPosition|auras3.player.buff.durationBarPosition|auras3.player.debuff.durationBarPosition|auras3.target.buff.durationBarPosition|auras3.target.debuff.durationBarPosition|auras3.focus.buff.durationBarPosition|auras3.focus.debuff.durationBarPosition|auras3.boss.buff.durationBarPosition|auras3.boss.debuff.durationBarPosition	registered	Matched Unit Aura duration-bar position dropdown to registered lane settings.
MidnightSimpleUnitFrames/Shell/Menu2/Pages/MSUF_Menu2_Auras.lua	2133	BodyWidth	auras3_buffs,auras3_debuffs,auras3_custom,auras3_styling,auras3_filters	Fill Mode	BodyWidth	dropdown	durationBarDirection		Refresh	auras3.shared.buff.durationBarDirection|auras3.shared.debuff.durationBarDirection|auras3.player.buff.durationBarDirection|auras3.player.debuff.durationBarDirection|auras3.target.buff.durationBarDirection|auras3.target.debuff.durationBarDirection|auras3.focus.buff.durationBarDirection|auras3.focus.debuff.durationBarDirection|auras3.boss.buff.durationBarDirection|auras3.boss.debuff.durationBarDirection	registered	Matched Unit Aura duration-bar fill-mode dropdown to registered lane settings.
MidnightSimpleUnitFrames/Shell/Menu2/Pages/MSUF_Menu2_Auras.lua	2158	BodyWidth	auras3_buffs,auras3_debuffs,auras3_custom,auras3_styling,auras3_filters	Stack Font	BodyWidth	slider	stackSize		Refresh	gf_party.auras.buff.stackSize|gf_party.auras.debuff.stackSize|gf_raid.auras.buff.stackSize|gf_raid.auras.debuff.stackSize|gf_mythicraid.auras.buff.stackSize|gf_mythicraid.auras.debuff.stackSize	registered	Matched page-scoped Assistant settings by DB key and control type.
MidnightSimpleUnitFrames/Shell/Menu2/Pages/MSUF_Menu2_Auras.lua	2159	BodyWidth	auras3_buffs,auras3_debuffs,auras3_custom,auras3_styling,auras3_filters	Stack Anchor	BodyWidth	dropdown	stackAnchor		Refresh	auras3.shared.stackAnchor|auras3.shared.buff.stackAnchor|auras3.shared.debuff.stackAnchor|auras3.player.stackAnchor|auras3.player.buff.stackAnchor|auras3.player.debuff.stackAnchor|auras3.target.stackAnchor|auras3.target.buff.stackAnchor	registered	Matched page-scoped Assistant settings by DB key and control type.
MidnightSimpleUnitFrames/Shell/Menu2/Pages/MSUF_Menu2_Auras.lua	2161	BodyWidth	auras3_buffs,auras3_debuffs,auras3_custom,auras3_styling,auras3_filters	Stack X	BodyWidth	slider	stackX		Refresh	gf_party.auras.buff.stackX|gf_party.auras.debuff.stackX|gf_raid.auras.buff.stackX|gf_raid.auras.debuff.stackX|gf_mythicraid.auras.buff.stackX|gf_mythicraid.auras.debuff.stackX	registered	Matched page-scoped Assistant settings by DB key and control type.
MidnightSimpleUnitFrames/Shell/Menu2/Pages/MSUF_Menu2_Auras.lua	2162	BodyWidth	auras3_buffs,auras3_debuffs,auras3_custom,auras3_styling,auras3_filters	Stack Y	BodyWidth	slider	stackY		Refresh	gf_party.auras.buff.stackY|gf_party.auras.debuff.stackY|gf_raid.auras.buff.stackY|gf_raid.auras.debuff.stackY|gf_mythicraid.auras.buff.stackY|gf_mythicraid.auras.debuff.stackY	registered	Matched page-scoped Assistant settings by DB key and control type.
MidnightSimpleUnitFrames/Shell/Menu2/Pages/MSUF_Menu2_Auras.lua	2166	BodyWidth	auras3_buffs,auras3_debuffs,auras3_custom,auras3_styling,auras3_filters	Sort By	BodyWidth	dropdown	bBind		Refresh		unmapped	Helper-created control; static audit could not prove registry mapping.
MidnightSimpleUnitFrames/Shell/Menu2/Pages/MSUF_Menu2_Auras.lua	2169	BodyWidth	auras3_buffs,auras3_debuffs,auras3_custom,auras3_styling,auras3_filters	Order	BodyWidth	dropdown	bBind		Refresh		unmapped	Helper-created control; static audit could not prove registry mapping.
MidnightSimpleUnitFrames/Shell/Menu2/Pages/MSUF_Menu2_Auras.lua	2430	AddHidePermanentTooltip	auras3_buffs,auras3_debuffs,auras3_custom,auras3_styling,auras3_filters	filterToken	AddHidePermanentTooltip	dropdown	visual				unmapped	Helper-created control; static audit could not prove registry mapping.
MidnightSimpleUnitFrames/Shell/Menu2/Pages/MSUF_Menu2_Auras.lua	2437	AddHidePermanentTooltip	auras3_buffs,auras3_debuffs,auras3_custom,auras3_styling,auras3_filters	Maximum duration	AddHidePermanentTooltip	slider	bBind				unmapped	Helper-created control; static audit could not prove registry mapping.
MidnightSimpleUnitFrames/Shell/Menu2/Pages/MSUF_Menu2_Auras.lua	2472	AddHidePermanentTooltip	auras3_buffs,auras3_debuffs,auras3_custom,auras3_styling,auras3_filters	Spell ID, spell link, or spell name	AddHidePermanentTooltip	textinput	bBind				unmapped	Helper-created control; static audit could not prove registry mapping.
MidnightSimpleUnitFrames/Shell/Menu2/Pages/MSUF_Menu2_Auras.lua	2514	CurrentPreset	auras3_buffs,auras3_debuffs,auras3_custom,auras3_styling,auras3_filters	Preset	CurrentPreset	dropdown		function() return Model.BlacklistPresetValues() end	Refresh	aura_blacklist_add_preset	registered	Matched Aura blacklist preset dropdown to registered preset-add Assistant action.
MidnightSimpleUnitFrames/Shell/Menu2/Pages/MSUF_Menu2_Auras.lua	2521	CurrentPreset	auras3_buffs,auras3_debuffs,auras3_custom,auras3_styling,auras3_filters	Spell	CurrentPreset	dropdown		function() return Model.BlacklistSpellValues(CurrentPreset()) end		aura_blacklist_add_spell|aura_blacklist_remove_spell	registered	Matched Aura blacklist spell dropdown to registered spell blacklist Assistant actions.
MidnightSimpleUnitFrames/Shell/Menu2/Pages/MSUF_Menu2_Auras.lua	2805	BuildCompactUnitAuraFilters	auras3_buffs,auras3_debuffs,auras3_custom,auras3_styling,auras3_filters	Maximum duration	BuildCompactUnitAuraFilters	slider	bBind		ApplyUnit		unmapped	Helper-created control; static audit could not prove registry mapping.
MidnightSimpleUnitFrames/Shell/Menu2/Pages/MSUF_Menu2_Auras.lua	2897	BuildCompactUnitAuraBlacklist	auras3_buffs,auras3_debuffs,auras3_custom,auras3_styling,auras3_filters	Spell ID, link, or name	BuildCompactUnitAuraBlacklist	textinput	bBind		ApplyUnit		unmapped	Helper-created control; static audit could not prove registry mapping.
MidnightSimpleUnitFrames/Shell/Menu2/Pages/MSUF_Menu2_Auras.lua	2935	CurrentPreset	auras3_buffs,auras3_debuffs,auras3_custom,auras3_styling,auras3_filters	Preset	CurrentPreset	dropdown		function() return Model.BlacklistPresetValues() end	Refresh	aura_blacklist_add_preset	registered	Matched Aura blacklist preset dropdown to registered preset-add Assistant action.
MidnightSimpleUnitFrames/Shell/Menu2/Pages/MSUF_Menu2_Auras.lua	2939	CurrentPreset	auras3_buffs,auras3_debuffs,auras3_custom,auras3_styling,auras3_filters	Spell	CurrentPreset	dropdown		function() return Model.BlacklistSpellValues(CurrentPreset()) end		aura_blacklist_add_spell|aura_blacklist_remove_spell	registered	Matched Aura blacklist spell dropdown to registered spell blacklist Assistant actions.
MidnightSimpleUnitFrames/Shell/Menu2/Pages/MSUF_Menu2_Auras.lua	3075	BuildCompactGroupAuraFilters	auras3_buffs,auras3_debuffs,auras3_custom,auras3_styling,auras3_filters	Maximum duration	BuildCompactGroupAuraFilters	slider	bBind				unmapped	Helper-created control; static audit could not prove registry mapping.
MidnightSimpleUnitFrames/Shell/Menu2/Pages/MSUF_Menu2_Auras.lua	3102	BuildCompactGroupAuraBlacklist	auras3_buffs,auras3_debuffs,auras3_custom,auras3_styling,auras3_filters	Spell ID, link, or name	BuildCompactGroupAuraBlacklist	textinput	bBind				unmapped	Helper-created control; static audit could not prove registry mapping.
MidnightSimpleUnitFrames/Shell/Menu2/Pages/MSUF_Menu2_Auras.lua	3130	CurrentPreset	auras3_buffs,auras3_debuffs,auras3_custom,auras3_styling,auras3_filters	Preset	CurrentPreset	dropdown		function() return Model.BlacklistPresetValues() end	Refresh	aura_blacklist_add_preset	registered	Matched Aura blacklist preset dropdown to registered preset-add Assistant action.
MidnightSimpleUnitFrames/Shell/Menu2/Pages/MSUF_Menu2_Auras.lua	3137	CurrentPreset	auras3_buffs,auras3_debuffs,auras3_custom,auras3_styling,auras3_filters	Spell	CurrentPreset	dropdown		function() return Model.BlacklistSpellValues(CurrentPreset()) end		aura_blacklist_add_spell|aura_blacklist_remove_spell	registered	Matched Aura blacklist spell dropdown to registered spell blacklist Assistant actions.
MidnightSimpleUnitFrames/Shell/Menu2/Pages/MSUF_Menu2_Auras.lua	3395	Grid	auras3_buffs,auras3_debuffs,auras3_custom,auras3_styling,auras3_filters	DoT	Grid	dropdown	bBind				unmapped	Helper-created control; static audit could not prove registry mapping.
MidnightSimpleUnitFrames/Shell/Menu2/Pages/MSUF_Menu2_Auras.lua	3412	Grid	auras3_buffs,auras3_debuffs,auras3_custom,auras3_styling,auras3_filters	Custom Spell ID	Grid	textinput	bBind				unmapped	Helper-created control; static audit could not prove registry mapping.
MidnightSimpleUnitFrames/Shell/Menu2/Pages/MSUF_Menu2_Auras.lua	3496	EnsureRow	auras3_buffs,auras3_debuffs,auras3_custom,auras3_styling,auras3_filters	Spell ID, link, or name	EnsureRow	textinput	bBind				unmapped	Helper-created control; static audit could not prove registry mapping.
MidnightSimpleUnitFrames/Shell/Menu2/Pages/MSUF_Menu2_Auras.lua	3620	EnsureRow	auras3_buffs,auras3_debuffs,auras3_custom,auras3_styling,auras3_filters	Maximum duration	EnsureRow	slider	bBind		Refresh		unmapped	Helper-created control; static audit could not prove registry mapping.
MidnightSimpleUnitFrames/Shell/Menu2/Pages/MSUF_Menu2_Auras.lua	3645	EnsureRow	auras3_buffs,auras3_debuffs,auras3_custom,auras3_styling,auras3_filters	Anchor	EnsureRow	dropdown	bBind				unmapped	Helper-created control; static audit could not prove registry mapping.
MidnightSimpleUnitFrames/Shell/Menu2/Pages/MSUF_Menu2_Auras.lua	3649	EnsureRow	auras3_buffs,auras3_debuffs,auras3_custom,auras3_styling,auras3_filters	Growth	EnsureRow	dropdown	bBind				unmapped	Helper-created control; static audit could not prove registry mapping.
MidnightSimpleUnitFrames/Shell/Menu2/Pages/MSUF_Menu2_Auras.lua	3737	Number	auras3_buffs,auras3_debuffs,auras3_custom,auras3_styling,auras3_filters	Swipe	Number	dropdown	bBind				unmapped	Helper-created control; static audit could not prove registry mapping.
MidnightSimpleUnitFrames/Shell/Menu2/Pages/MSUF_Menu2_Auras.lua	3742	Number	auras3_buffs,auras3_debuffs,auras3_custom,auras3_styling,auras3_filters	Cooldown anchor	Number	dropdown	bBind				unmapped	Helper-created control; static audit could not prove registry mapping.
MidnightSimpleUnitFrames/Shell/Menu2/Pages/MSUF_Menu2_Auras.lua	3750	Number	auras3_buffs,auras3_debuffs,auras3_custom,auras3_styling,auras3_filters	Stack anchor	Number	dropdown	bBind				unmapped	Helper-created control; static audit could not prove registry mapping.
MidnightSimpleUnitFrames/Shell/Menu2/Pages/MSUF_Menu2_Auras.lua	3760	Number	auras3_buffs,auras3_debuffs,auras3_custom,auras3_styling,auras3_filters	Bar display	Number	dropdown	bBind				unmapped	Helper-created control; static audit could not prove registry mapping.
MidnightSimpleUnitFrames/Shell/Menu2/Pages/MSUF_Menu2_Auras.lua	3764	Number	auras3_buffs,auras3_debuffs,auras3_custom,auras3_styling,auras3_filters	Bar position	Number	dropdown	bBind				unmapped	Helper-created control; static audit could not prove registry mapping.
MidnightSimpleUnitFrames/Shell/Menu2/Pages/MSUF_Menu2_Auras.lua	3768	Number	auras3_buffs,auras3_debuffs,auras3_custom,auras3_styling,auras3_filters	Bar fill	Number	dropdown	bBind				unmapped	Helper-created control; static audit could not prove registry mapping.
MidnightSimpleUnitFrames/Shell/Menu2/Pages/MSUF_Menu2_Auras.lua	3779	Number	auras3_buffs,auras3_debuffs,auras3_custom,auras3_styling,auras3_filters	Effect	Number	dropdown	bBind				unmapped	Helper-created control; static audit could not prove registry mapping.
MidnightSimpleUnitFrames/Shell/Menu2/Pages/MSUF_Menu2_Auras.lua	3783	Number	auras3_buffs,auras3_debuffs,auras3_custom,auras3_styling,auras3_filters	Color	Number	color		rgb 0..1			unmapped	No Assistant registry key was matched by exact DB key or label.
MidnightSimpleUnitFrames/Shell/Menu2/Pages/MSUF_Menu2_Auras.lua	3789	Number	auras3_buffs,auras3_debuffs,auras3_custom,auras3_styling,auras3_filters	Opacity	Number	slider	bBind				unmapped	Helper-created control; static audit could not prove registry mapping.
MidnightSimpleUnitFrames/Shell/Menu2/Pages/MSUF_Menu2_Auras.lua	3793	Number	auras3_buffs,auras3_debuffs,auras3_custom,auras3_styling,auras3_filters	Layer (0-30)	Number	slider	bBind				unmapped	Helper-created control; static audit could not prove registry mapping.
MidnightSimpleUnitFrames/Shell/Menu2/Pages/MSUF_Menu2_Auras.lua	3797	Number	auras3_buffs,auras3_debuffs,auras3_custom,auras3_styling,auras3_filters	Thickness	Number	slider	bBind				unmapped	Helper-created control; static audit could not prove registry mapping.
MidnightSimpleUnitFrames/Shell/Menu2/Pages/MSUF_Menu2_Auras.lua	3801	Number	auras3_buffs,auras3_debuffs,auras3_custom,auras3_styling,auras3_filters	Priority	Number	slider	bBind				unmapped	Helper-created control; static audit could not prove registry mapping.
MidnightSimpleUnitFrames/Shell/Menu2/Pages/MSUF_Menu2_Auras.lua	3835	Number	auras3_buffs,auras3_debuffs,auras3_custom,auras3_styling,auras3_filters	Container name	Number	textinput	bBind				unmapped	Helper-created control; static audit could not prove registry mapping.
MidnightSimpleUnitFrames/Shell/Menu2/Pages/MSUF_Menu2_Auras.lua	3840	Number	auras3_buffs,auras3_debuffs,auras3_custom,auras3_styling,auras3_filters	Aura type	Number	dropdown	bBind		Refresh		unmapped	Helper-created control; static audit could not prove registry mapping.
MidnightSimpleUnitFrames/Shell/Menu2/Pages/MSUF_Menu2_Global.lua	588	BuildScopeOverrideSection		"<dynamic:opts.toggleLabel or ""Use custom settings for this scope"">"	BuildScopeOverrideSection	toggle				fontScope.player.override|fontScope.target.override|fontScope.targettarget.override|fontScope.focustarget.override|fontScope.focus.override|fontScope.pet.override|fontScope.boss.override|fontScope.gf_party.override|fontScope.gf_raid.override|barScope.player.override|barScope.target.override|barScope.targettarget.override	registered	Matched global scope override toggle to scoped Bars/Fonts override settings.
MidnightSimpleUnitFrames/Shell/Menu2/Pages/MSUF_Menu2_Global.lua	594	BuildScopeOverrideSection		"<dynamic:opts.resetLabel or ""Reset"">"	BuildScopeOverrideSection	button			Refresh	reset_all_scoped_global_bars_overrides|reset_all_scoped_global_font_overrides	registered	Matched shared-scope reset button to registered scoped override reset actions.
MidnightSimpleUnitFrames/Shell/Menu2/Pages/MSUF_Menu2_GlobalBars.lua	794	BindTextureDropdown	opt_bars	Bar textures (SharedMedia)	Textures & Gradient	dropdown	bBind		ApplyBars|Refresh	general.barTexture|barScope.gf_party.barTexture|barScope.gf_raid.barTexture	registered	Matched Global Bars control to global/scoped Assistant setting.
MidnightSimpleUnitFrames/Shell/Menu2/Pages/MSUF_Menu2_GlobalBars.lua	800	BindTextureDropdown	opt_bars	Background texture	Textures & Gradient	dropdown	bBind		ApplyBars|Refresh	general.barBackgroundTexture|barScope.gf_party.barBackgroundTexture|barScope.gf_raid.barBackgroundTexture	registered	Matched Global Bars control to global/scoped Assistant setting.
MidnightSimpleUnitFrames/Shell/Menu2/Pages/MSUF_Menu2_GlobalBars.lua	810	BindGradientToggle	opt_bars	<dynamic:rightX>	Textures & Gradient	toggle	ToggleAt			general.enableGradient|general.enablePowerGradient|barScope.player.enableGradient|barScope.player.enablePowerGradient|barScope.target.enableGradient|barScope.target.enablePowerGradient|barScope.targettarget.enableGradient|barScope.targettarget.enablePowerGradient|barScope.focustarget.enableGradient|barScope.focustarget.enablePowerGradient|barScope.focus.enableGradient|barScope.focus.enablePowerGradient	registered	Matched dynamic Global Bars gradient toggles to global/scoped gradient settings.
MidnightSimpleUnitFrames/Shell/Menu2/Pages/MSUF_Menu2_GlobalBars.lua	825	BindGradientToggle	opt_bars	Health gradient	Textures & Gradient	toggle	enableGradient			general.enableGradient|general.enablePowerGradient|barScope.player.enableGradient|barScope.player.enablePowerGradient|barScope.target.enableGradient|barScope.target.enablePowerGradient|barScope.targettarget.enableGradient|barScope.targettarget.enablePowerGradient|barScope.focustarget.enableGradient|barScope.focustarget.enablePowerGradient|barScope.focus.enableGradient|barScope.focus.enablePowerGradient	registered	Matched dynamic Global Bars gradient toggles to global/scoped gradient settings.
MidnightSimpleUnitFrames/Shell/Menu2/Pages/MSUF_Menu2_GlobalBars.lua	826	BindGradientToggle	opt_bars	Power gradient	Textures & Gradient	toggle	enablePowerGradient			general.enableGradient|general.enablePowerGradient|barScope.player.enableGradient|barScope.player.enablePowerGradient|barScope.target.enableGradient|barScope.target.enablePowerGradient|barScope.targettarget.enableGradient|barScope.targettarget.enablePowerGradient|barScope.focustarget.enableGradient|barScope.focustarget.enablePowerGradient|barScope.focus.enableGradient|barScope.focus.enablePowerGradient	registered	Matched dynamic Global Bars gradient toggles to global/scoped gradient settings.
MidnightSimpleUnitFrames/Shell/Menu2/Pages/MSUF_Menu2_GlobalBars.lua	868	PadButton	opt_bars	<dynamic:text>	Textures & Gradient	button				general.gradientDirection|barScope.player.gradientDirection|barScope.target.gradientDirection|barScope.targettarget.gradientDirection|barScope.focustarget.gradientDirection|barScope.focus.gradientDirection|barScope.pet.gradientDirection|barScope.boss.gradientDirection|barScope.gf_party.gradientDirection|barScope.gf_raid.gradientDirection	registered	Matched gradient direction pad buttons to global/scoped gradient-direction settings.
MidnightSimpleUnitFrames/Shell/Menu2/Pages/MSUF_Menu2_GlobalBars.lua	924	BuildAbsorbSectionLegacy	opt_bars	Display mode	Absorb Display	dropdown		"VT(1, ""Absorb off"", 2, ""Absorb bar"")"	ApplyBars|Refresh	general.absorbTextMode|barScope.player.absorbTextMode|barScope.target.absorbTextMode|barScope.targettarget.absorbTextMode|barScope.focustarget.absorbTextMode|barScope.focus.absorbTextMode|barScope.pet.absorbTextMode|barScope.boss.absorbTextMode|barScope.gf_party.absorbTextMode|barScope.gf_raid.absorbTextMode	registered	Matched Global Bars control to global/scoped Assistant setting.
MidnightSimpleUnitFrames/Shell/Menu2/Pages/MSUF_Menu2_GlobalBars.lua	1033	BuildAbsorbControlSpecs	opt_bars	Heal Prediction Overlay	Absorb Display	toggle	showSelfHealPrediction		ApplyBars|Refresh	general.showSelfHealPrediction	registered	Matched Assistant setting by DB key or label/alias.
MidnightSimpleUnitFrames/Shell/Menu2/Pages/MSUF_Menu2_GlobalBars.lua	1053	BuildAbsorbControlSpecs	opt_bars	Test prediction bars	Absorb Display	toggle				toggle_absorb_bar_test	registered	Matched absorb prediction-bar test action.
MidnightSimpleUnitFrames/Shell/Menu2/Pages/MSUF_Menu2_GlobalBars.lua	1058	BuildAbsorbControlSpecs	opt_bars	Over-absorb overlay	Absorb Display	toggle	overAbsorbOverlay			general.overAbsorbOverlay|barScope.player.overAbsorbOverlay|barScope.target.overAbsorbOverlay|barScope.targettarget.overAbsorbOverlay|barScope.focustarget.overAbsorbOverlay|barScope.focus.overAbsorbOverlay|barScope.pet.overAbsorbOverlay|barScope.boss.overAbsorbOverlay|barScope.gf_party.overAbsorbOverlay|barScope.gf_raid.overAbsorbOverlay	registered	Matched Global Bars control to global/scoped Assistant setting.
MidnightSimpleUnitFrames/Shell/Menu2/Pages/MSUF_Menu2_GlobalBars.lua	1067	BuildAbsorbControlSpecs	opt_bars	Full-health absorb stripe	Absorb Display	toggle	fullHealthAbsorbStripe		Refresh	general.fullHealthAbsorbStripe|barScope.player.fullHealthAbsorbStripe|barScope.target.fullHealthAbsorbStripe|barScope.targettarget.fullHealthAbsorbStripe|barScope.focustarget.fullHealthAbsorbStripe|barScope.focus.fullHealthAbsorbStripe|barScope.pet.fullHealthAbsorbStripe|barScope.boss.fullHealthAbsorbStripe	registered	Matched page-scoped Assistant settings by DB key and control type.
MidnightSimpleUnitFrames/Shell/Menu2/Pages/MSUF_Menu2_GlobalBars.lua	1133	Refresh	opt_bars	Show maximum-health loss	Maximum Health Loss	toggle	tempMaxHealthEnabled		Refresh		unmapped	No Assistant registry key was matched by exact DB key or label.
MidnightSimpleUnitFrames/Shell/Menu2/Pages/MSUF_Menu2_GlobalBars.lua	1143	Refresh	opt_bars	Texture	Maximum Health Loss	dropdown	tempMaxHealthTexture	"function() return TextureValues(""Use foreground texture"") end"	Refresh		unmapped	No Assistant registry key was matched by exact DB key or label.
MidnightSimpleUnitFrames/Shell/Menu2/Pages/MSUF_Menu2_GlobalBars.lua	1176	Refresh	opt_bars	Overlay opacity	Maximum Health Loss	slider	tempMaxHealthOpacity	min=0.05;max=1;step=0.05	Refresh		unmapped	No Assistant registry key was matched by exact DB key or label.
MidnightSimpleUnitFrames/Shell/Menu2/Pages/MSUF_Menu2_GlobalBars.lua	1187	Refresh	opt_bars	Background opacity	Maximum Health Loss	slider	tempMaxHealthBackgroundOpacity	min=0;max=1;step=0.05	Refresh		unmapped	No Assistant registry key was matched by exact DB key or label.
MidnightSimpleUnitFrames/Shell/Menu2/Pages/MSUF_Menu2_GlobalBars.lua	1202	Refresh	opt_bars	Preview effect	Maximum Health Loss	toggle	tempMaxHealthEnabled		Refresh		unmapped	No Assistant registry key was matched by exact DB key or label.
MidnightSimpleUnitFrames/Shell/Menu2/Pages/MSUF_Menu2_GlobalBars.lua	1302	BindToggle	opt_bars	<dynamic:x>	Absorb Display	toggle	ToggleAt				unmapped	Helper callsite control; static audit could not prove registry mapping.
MidnightSimpleUnitFrames/Shell/Menu2/Pages/MSUF_Menu2_GlobalBars.lua	1315	BindTest	opt_bars	Test prediction bars	Absorb Display	toggle				toggle_absorb_bar_test	registered	Matched absorb prediction-bar test action.
MidnightSimpleUnitFrames/Shell/Menu2/Pages/MSUF_Menu2_GlobalBars.lua	1407	AnchorPreview	opt_bars	Show positive absorbs	Absorb Display	toggle	enableAbsorbBar			player.enableAbsorbBar|boss.enableAbsorbBar|focus.enableAbsorbBar|target.enableAbsorbBar|targettarget.enableAbsorbBar|pet.enableAbsorbBar|gf_mythicraid.enableAbsorbBar|gf_raid.enableAbsorbBar	registered	Matched page-scoped Assistant settings by DB key and control type.
MidnightSimpleUnitFrames/Shell/Menu2/Pages/MSUF_Menu2_GlobalBars.lua	1411	AnchorPreview	opt_bars	Anchor	Absorb Display	dropdown	absorbAnchorMode			general.absorbAnchorMode|barScope.player.absorbAnchorMode|barScope.target.absorbAnchorMode|barScope.targettarget.absorbAnchorMode|barScope.focustarget.absorbAnchorMode|barScope.focus.absorbAnchorMode|barScope.pet.absorbAnchorMode|barScope.boss.absorbAnchorMode	registered	Matched page-scoped Assistant settings by DB key and control type.
MidnightSimpleUnitFrames/Shell/Menu2/Pages/MSUF_Menu2_GlobalBars.lua	1413	AnchorPreview	opt_bars	Bar height (0 = full)	Absorb Display	slider	absorbBarHeight				unmapped	Helper-created control; static audit could not prove registry mapping.
MidnightSimpleUnitFrames/Shell/Menu2/Pages/MSUF_Menu2_GlobalBars.lua	1415	AnchorPreview	opt_bars	Vertical offset	Absorb Display	slider	absorbBarOffsetY				unmapped	Helper-created control; static audit could not prove registry mapping.
MidnightSimpleUnitFrames/Shell/Menu2/Pages/MSUF_Menu2_GlobalBars.lua	1417	AnchorPreview	opt_bars	Texture	Absorb Display	dropdown	bBind				unmapped	Helper-created control; static audit could not prove registry mapping.
MidnightSimpleUnitFrames/Shell/Menu2/Pages/MSUF_Menu2_GlobalBars.lua	1420	AnchorPreview	opt_bars	Opacity	Absorb Display	slider	absorbBarOpacity			general.absorbBarOpacity|barScope.player.absorbBarOpacity|barScope.target.absorbBarOpacity|barScope.targettarget.absorbBarOpacity|barScope.focustarget.absorbBarOpacity|barScope.focus.absorbBarOpacity|barScope.pet.absorbBarOpacity|barScope.boss.absorbBarOpacity	registered	Matched page-scoped Assistant settings by DB key and control type.
MidnightSimpleUnitFrames/Shell/Menu2/Pages/MSUF_Menu2_GlobalBars.lua	1423	AnchorPreview	opt_bars	Over-absorb overlay	Absorb Display	toggle	overAbsorbOverlay			general.overAbsorbOverlay|barScope.player.overAbsorbOverlay|barScope.target.overAbsorbOverlay|barScope.targettarget.overAbsorbOverlay|barScope.focustarget.overAbsorbOverlay|barScope.focus.overAbsorbOverlay|barScope.pet.overAbsorbOverlay|barScope.boss.overAbsorbOverlay|barScope.gf_party.overAbsorbOverlay|barScope.gf_raid.overAbsorbOverlay	registered	Matched Global Bars control to global/scoped Assistant setting.
MidnightSimpleUnitFrames/Shell/Menu2/Pages/MSUF_Menu2_GlobalBars.lua	1425	AnchorPreview	opt_bars	Full-health absorb stripe	Absorb Display	toggle	fullHealthAbsorbStripe			general.fullHealthAbsorbStripe|barScope.player.fullHealthAbsorbStripe|barScope.target.fullHealthAbsorbStripe|barScope.targettarget.fullHealthAbsorbStripe|barScope.focustarget.fullHealthAbsorbStripe|barScope.focus.fullHealthAbsorbStripe|barScope.pet.fullHealthAbsorbStripe|barScope.boss.fullHealthAbsorbStripe	registered	Matched page-scoped Assistant settings by DB key and control type.
MidnightSimpleUnitFrames/Shell/Menu2/Pages/MSUF_Menu2_GlobalBars.lua	1428	AnchorPreview	opt_bars	Show negative heal absorbs	Absorb Display	toggle	healAbsorbEnabled			player.healAbsorbEnabled|boss.healAbsorbEnabled|focus.healAbsorbEnabled|target.healAbsorbEnabled|targettarget.healAbsorbEnabled|pet.healAbsorbEnabled|gf_mythicraid.healAbsorbEnabled|gf_raid.healAbsorbEnabled	registered	Matched page-scoped Assistant settings by DB key and control type.
MidnightSimpleUnitFrames/Shell/Menu2/Pages/MSUF_Menu2_GlobalBars.lua	1430	AnchorPreview	opt_bars	Anchor	Absorb Display	dropdown	healAbsorbAnchorMode				unmapped	Helper-created control; static audit could not prove registry mapping.
MidnightSimpleUnitFrames/Shell/Menu2/Pages/MSUF_Menu2_GlobalBars.lua	1432	AnchorPreview	opt_bars	Bar height (0 = full)	Absorb Display	slider	healAbsorbBarHeight				unmapped	Helper-created control; static audit could not prove registry mapping.
MidnightSimpleUnitFrames/Shell/Menu2/Pages/MSUF_Menu2_GlobalBars.lua	1434	AnchorPreview	opt_bars	Vertical offset	Absorb Display	slider	healAbsorbBarOffsetY		Refresh		unmapped	Helper-created control; static audit could not prove registry mapping.
MidnightSimpleUnitFrames/Shell/Menu2/Pages/MSUF_Menu2_GlobalBars.lua	1436	AnchorPreview	opt_bars	Texture	Absorb Display	dropdown	showSelfHealPrediction		Refresh	general.showSelfHealPrediction	registered	Matched Assistant setting by DB key or label/alias.
MidnightSimpleUnitFrames/Shell/Menu2/Pages/MSUF_Menu2_GlobalBars.lua	1439	AnchorPreview	opt_bars	Opacity	Absorb Display	slider	healAbsorbBarOpacity		Refresh	general.healAbsorbBarOpacity|barScope.player.healAbsorbBarOpacity|barScope.target.healAbsorbBarOpacity|barScope.targettarget.healAbsorbBarOpacity|barScope.focustarget.healAbsorbBarOpacity|barScope.focus.healAbsorbBarOpacity|barScope.pet.healAbsorbBarOpacity|barScope.boss.healAbsorbBarOpacity	registered	Matched page-scoped Assistant settings by DB key and control type.
MidnightSimpleUnitFrames/Shell/Menu2/Pages/MSUF_Menu2_GlobalBars.lua	1443	AnchorPreview	opt_bars	Show heal prediction	Absorb Display	toggle	healPredEnabled		Refresh	barScope.gf_party.healPredEnabled|barScope.gf_raid.healPredEnabled	registered	Matched page-scoped Assistant settings by DB key and control type.
MidnightSimpleUnitFrames/Shell/Menu2/Pages/MSUF_Menu2_GlobalBars.lua	1451	AnchorPreview	opt_bars	Anchor	Absorb Display	dropdown	healPredAnchorMode			general.healPredAnchorMode|barScope.gf_party.healPredAnchorMode|barScope.gf_raid.healPredAnchorMode	registered	Matched page-scoped Assistant settings by DB key and control type.
MidnightSimpleUnitFrames/Shell/Menu2/Pages/MSUF_Menu2_GlobalBars.lua	1453	AnchorPreview	opt_bars	Bar height (0 = full)	Absorb Display	slider	healPredictionBarHeight		Refresh		unmapped	Helper-created control; static audit could not prove registry mapping.
MidnightSimpleUnitFrames/Shell/Menu2/Pages/MSUF_Menu2_GlobalBars.lua	1455	AnchorPreview	opt_bars	Vertical offset	Absorb Display	slider	healPredictionBarOffsetY		Refresh		unmapped	Helper-created control; static audit could not prove registry mapping.
MidnightSimpleUnitFrames/Shell/Menu2/Pages/MSUF_Menu2_GlobalBars.lua	1457	AnchorPreview	opt_bars	Texture	Absorb Display	dropdown	bBind		Refresh		unmapped	Helper-created control; static audit could not prove registry mapping.
MidnightSimpleUnitFrames/Shell/Menu2/Pages/MSUF_Menu2_GlobalBars.lua	1460	AnchorPreview	opt_bars	Opacity	Absorb Display	slider	healPredictionBarOpacity		Refresh		unmapped	Helper-created control; static audit could not prove registry mapping.
MidnightSimpleUnitFrames/Shell/Menu2/Pages/MSUF_Menu2_GlobalBars.lua	1486	BuildOutlineSection	opt_bars	Bar outline thickness	Frame Outline	slider		min=0;max=8;step=1		bars.barOutlineThickness	registered	Matched Assistant setting by DB key or label/alias.
MidnightSimpleUnitFrames/Shell/Menu2/Pages/MSUF_Menu2_GlobalBars.lua	1494	BuildOutlineSection	opt_bars	Frame outline layer (0-30)	Frame Outline	slider	barOutlineColorR	min=0;max=30;step=1			unmapped	No Assistant registry key was matched by exact DB key or label.
MidnightSimpleUnitFrames/Shell/Menu2/Pages/MSUF_Menu2_GlobalBars.lua	1557	BindRoundedToggle	opt_bars	*	Rounded Texture	toggle	bBind		Refresh	bars.roundedFramesEnabled|bars.roundedUnitFrames|bars.roundedGroupFrames|bars.roundedPowerBars|bars.roundedMouseover	registered	Matched dynamic Global Bars rounded-texture toggles to registered rounded settings.
MidnightSimpleUnitFrames/Shell/Menu2/Pages/MSUF_Menu2_GlobalBars.lua	1597	HighlightPriorityEnabled	opt_bars	Highlight border thickness	Highlight Borders	slider		min=1;max=30;step=1		general.highlightBorderThickness|barScope.player.highlightBorderThickness|barScope.target.highlightBorderThickness|barScope.targettarget.highlightBorderThickness|barScope.focustarget.highlightBorderThickness|barScope.focus.highlightBorderThickness|barScope.pet.highlightBorderThickness|barScope.boss.highlightBorderThickness|barScope.gf_party.highlightBorderThickness|barScope.gf_raid.highlightBorderThickness	registered	Matched Global Bars control to global/scoped Assistant setting.
MidnightSimpleUnitFrames/Shell/Menu2/Pages/MSUF_Menu2_GlobalBars.lua	1632	BindBorderModeDropdown	opt_bars	Aggro border	Highlight Borders	dropdown	aggroOutlineMode			general.aggroOutlineMode|barScope.player.aggroOutlineMode|barScope.target.aggroOutlineMode|barScope.targettarget.aggroOutlineMode|barScope.focustarget.aggroOutlineMode|barScope.focus.aggroOutlineMode|barScope.pet.aggroOutlineMode|barScope.boss.aggroOutlineMode	registered	Matched page-scoped Assistant settings by DB key and control type.
MidnightSimpleUnitFrames/Shell/Menu2/Pages/MSUF_Menu2_GlobalBars.lua	1634	BindBorderModeDropdown	opt_bars	Aggro shows for	Highlight Borders	dropdown	bBind			general.aggroMode	registered	Matched Assistant setting by DB key or label/alias.
MidnightSimpleUnitFrames/Shell/Menu2/Pages/MSUF_Menu2_GlobalBars.lua	1641	BindBorderModeDropdown	opt_bars	Dispel border	Highlight Borders	dropdown	dispelOutlineMode			general.dispelOutlineMode|barScope.player.dispelOutlineMode|barScope.target.dispelOutlineMode|barScope.targettarget.dispelOutlineMode|barScope.focustarget.dispelOutlineMode|barScope.focus.dispelOutlineMode|barScope.pet.dispelOutlineMode|barScope.boss.dispelOutlineMode	registered	Matched page-scoped Assistant settings by DB key and control type.
MidnightSimpleUnitFrames/Shell/Menu2/Pages/MSUF_Menu2_GlobalBars.lua	1643	BindBorderModeDropdown	opt_bars	Dispel border detects	Highlight Borders	dropdown	bossTargetHighlightEnabled			general.dispelBorderTrigger|barScope.player.dispelBorderTrigger|barScope.target.dispelBorderTrigger|barScope.targettarget.dispelBorderTrigger|barScope.focustarget.dispelBorderTrigger|barScope.focus.dispelBorderTrigger|barScope.pet.dispelBorderTrigger|barScope.boss.dispelBorderTrigger|barScope.gf_party.dispelBorderTrigger|barScope.gf_raid.dispelBorderTrigger	registered	Matched Global Bars control to global/scoped Assistant setting.
MidnightSimpleUnitFrames/Shell/Menu2/Pages/MSUF_Menu2_GlobalBars.lua	1650	BindBorderModeDropdown	opt_bars	Purge border	Highlight Borders	dropdown	purgeOutlineMode			general.purgeOutlineMode|barScope.player.purgeOutlineMode|barScope.target.purgeOutlineMode|barScope.targettarget.purgeOutlineMode|barScope.focustarget.purgeOutlineMode|barScope.focus.purgeOutlineMode|barScope.pet.purgeOutlineMode|barScope.boss.purgeOutlineMode	registered	Matched page-scoped Assistant settings by DB key and control type.
MidnightSimpleUnitFrames/Shell/Menu2/Pages/MSUF_Menu2_GlobalBars.lua	1652	BindBorderModeDropdown	opt_bars	Boss target border	Highlight Borders	dropdown	bossTargetHighlightEnabled			general.bossTargetOutlineMode	registered	Matched Global Bars control to global/scoped Assistant setting.
MidnightSimpleUnitFrames/Shell/Menu2/Pages/MSUF_Menu2_GlobalBars.lua	1690	BindBorderTestToggle	opt_bars	<dynamic:hlPreviewX>	Highlight Borders	toggle	ToggleAt		Refresh	toggle_highlight_border_test	registered	Matched highlight-border test toggle factory to Assistant highlight-border test action.
MidnightSimpleUnitFrames/Shell/Menu2/Pages/MSUF_Menu2_GlobalBars.lua	1714	BindBorderTestToggle	opt_bars	Test aggro border	Highlight Borders	toggle	aggroOutlineMode		Refresh	toggle_highlight_border_test	registered	Matched highlight-border test action.
MidnightSimpleUnitFrames/Shell/Menu2/Pages/MSUF_Menu2_GlobalBars.lua	1715	BindBorderTestToggle	opt_bars	Test dispel border	Highlight Borders	toggle	dispelOutlineMode		Refresh	toggle_highlight_border_test	registered	Matched highlight-border test action.
MidnightSimpleUnitFrames/Shell/Menu2/Pages/MSUF_Menu2_GlobalBars.lua	1716	BindBorderTestToggle	opt_bars	Test purge border	Highlight Borders	toggle	purgeOutlineMode		Refresh	toggle_highlight_border_test	registered	Matched highlight-border test action.
MidnightSimpleUnitFrames/Shell/Menu2/Pages/MSUF_Menu2_GlobalBars.lua	1717	BindBorderTestToggle	opt_bars	Test boss target border	Highlight Borders	toggle	bBind		Refresh	toggle_highlight_border_test	registered	Matched highlight-border test action.
MidnightSimpleUnitFrames/Shell/Menu2/Pages/MSUF_Menu2_GlobalBars.lua	1750	ClearBorderTestIfDisabled	opt_bars	Custom highlight priority	Highlight Borders	toggle			Refresh	general.hlPrioEnabled|barScope.player.hlPrioEnabled|barScope.target.hlPrioEnabled|barScope.targettarget.hlPrioEnabled|barScope.focustarget.hlPrioEnabled|barScope.focus.hlPrioEnabled|barScope.pet.hlPrioEnabled|barScope.boss.hlPrioEnabled|barScope.gf_party.hlPrioEnabled|barScope.gf_raid.hlPrioEnabled	registered	Matched Global Bars control to global/scoped Assistant setting.
MidnightSimpleUnitFrames/Shell/Menu2/Pages/MSUF_Menu2_GlobalBars.lua	1844	BindToggle	opt_bars	<dynamic:16>	UnitFrame Dispel Overlay	toggle	ToggleAt				unmapped	Helper callsite control; static audit could not prove registry mapping.
MidnightSimpleUnitFrames/Shell/Menu2/Pages/MSUF_Menu2_GlobalBars.lua	1867	BindSlider	opt_bars	UnitFrame Dispel Overlay	UnitFrame Dispel Overlay	toggle				general.unitDispelOverlayEnabled|barScope.player.unitDispelOverlayEnabled|barScope.target.unitDispelOverlayEnabled|barScope.targettarget.unitDispelOverlayEnabled|barScope.focustarget.unitDispelOverlayEnabled|barScope.focus.unitDispelOverlayEnabled|barScope.pet.unitDispelOverlayEnabled|barScope.boss.unitDispelOverlayEnabled	registered	Matched Global Bars control to global/scoped Assistant setting.
MidnightSimpleUnitFrames/Shell/Menu2/Pages/MSUF_Menu2_GlobalBars.lua	1877	BindSlider	opt_bars	Overlay detects	UnitFrame Dispel Overlay	dropdown	unitDispelOverlayTrigger			general.unitDispelOverlayTrigger|barScope.player.unitDispelOverlayTrigger|barScope.target.unitDispelOverlayTrigger|barScope.targettarget.unitDispelOverlayTrigger|barScope.focustarget.unitDispelOverlayTrigger|barScope.focus.unitDispelOverlayTrigger|barScope.pet.unitDispelOverlayTrigger|barScope.boss.unitDispelOverlayTrigger	registered	Matched page-scoped Assistant settings by DB key and control type.
MidnightSimpleUnitFrames/Shell/Menu2/Pages/MSUF_Menu2_GlobalBars.lua	1879	BindSlider	opt_bars	Overlay style	UnitFrame Dispel Overlay	dropdown	unitDispelOverlayStyle		Refresh	general.unitDispelOverlayStyle|barScope.player.unitDispelOverlayStyle|barScope.target.unitDispelOverlayStyle|barScope.targettarget.unitDispelOverlayStyle|barScope.focustarget.unitDispelOverlayStyle|barScope.focus.unitDispelOverlayStyle|barScope.pet.unitDispelOverlayStyle|barScope.boss.unitDispelOverlayStyle	registered	Matched page-scoped Assistant settings by DB key and control type.
MidnightSimpleUnitFrames/Shell/Menu2/Pages/MSUF_Menu2_GlobalBars.lua	1881	BindSlider	opt_bars	Show on current health only	UnitFrame Dispel Overlay	toggle	unitDispelOverlayOnHealth		Refresh	general.unitDispelOverlayOnHealth|barScope.player.unitDispelOverlayOnHealth|barScope.target.unitDispelOverlayOnHealth|barScope.targettarget.unitDispelOverlayOnHealth|barScope.focustarget.unitDispelOverlayOnHealth|barScope.focus.unitDispelOverlayOnHealth|barScope.pet.unitDispelOverlayOnHealth|barScope.boss.unitDispelOverlayOnHealth	registered	Matched page-scoped Assistant settings by DB key and control type.
MidnightSimpleUnitFrames/Shell/Menu2/Pages/MSUF_Menu2_GlobalBars.lua	1883	BindSlider	opt_bars	Overlay opacity	UnitFrame Dispel Overlay	slider	unitDispelOverlayAlpha		Refresh	general.unitDispelOverlayAlpha|barScope.player.unitDispelOverlayAlpha|barScope.target.unitDispelOverlayAlpha|barScope.targettarget.unitDispelOverlayAlpha|barScope.focustarget.unitDispelOverlayAlpha|barScope.focus.unitDispelOverlayAlpha|barScope.pet.unitDispelOverlayAlpha|barScope.boss.unitDispelOverlayAlpha	registered	Matched page-scoped Assistant settings by DB key and control type.
MidnightSimpleUnitFrames/Shell/Menu2/Pages/MSUF_Menu2_GlobalBars.lua	1906	BuildPowerSection	opt_bars	Smooth power bar	Bar Animation + Text Accuracy	toggle				bars.smoothPowerBar	registered	Matched Global Bars control to global/scoped Assistant setting.
MidnightSimpleUnitFrames/Shell/Menu2/Pages/MSUF_Menu2_GlobalBars.lua	1911	BuildPowerSection	opt_bars	Realtime power text	Bar Animation + Text Accuracy	toggle			RequestUnitApply	bars.realtimePowerText	registered	Matched Global Bars control to global/scoped Assistant setting.
MidnightSimpleUnitFrames/Shell/Menu2/Pages/MSUF_Menu2_GlobalCastbars.lua	192	PreviewButtonGroup	opt_castbar	<dynamic:spec.text>	PreviewButtonGroup	button				preview_castbar	registered	Matched Global Castbars preview selector/shake buttons to the shared castbar preview action.
MidnightSimpleUnitFrames/Shell/Menu2/Pages/MSUF_Menu2_GlobalCastbars.lua	222	PreviewButtonGroup	opt_castbar	Interrupt	PreviewButtonGroup	button				preview_castbar	registered	Matched Global Castbars preview selector/shake buttons to the shared castbar preview action.
MidnightSimpleUnitFrames/Shell/Menu2/Pages/MSUF_Menu2_GlobalCastbars.lua	981	BindCastToggle	opt_castbar	<dynamic:x>	BindCastToggle	toggle	SwitchAt			general.castbarInterruptShake|general.castbarUnifiedDirection|general.castbarShowGlow|general.castbarShowLatency|general.castbarShowSpark|general.castbarSparkOverflow|general.empowerColorStages|general.empowerStageBlink|general.enableFocusKickIcon	registered	Matched Global Castbars BindCastToggle() factory to registered castbar toggle settings.
MidnightSimpleUnitFrames/Shell/Menu2/Pages/MSUF_Menu2_GlobalCastbars.lua	1035	BuildCastControlSpecs	opt_castbar	<dynamic:label>	BuildCastControlSpecs	toggle	BindCastToggle			general.castbarShowChannelTicks|general.castbarInterruptShake|general.castbarUnifiedDirection|general.castbarOpositeDirectionTarget|general.castbarShowGlow|general.castbarShowLatency|general.castbarShowSpark|general.castbarSparkOverflow|general.empowerColorStages|general.empowerStageBlink|general.castbarSpellNameShortening|general.enableFocusKickIcon	registered	Matched dynamic Global Castbars toggle specs to registered castbar behavior/interrupt settings.
MidnightSimpleUnitFrames/Shell/Menu2/Pages/MSUF_Menu2_GlobalCastbars.lua	1042	BuildCastControlSpecs	opt_castbar	<dynamic:label>	BuildCastControlSpecs	slider	BindCastSlider	min=spec[6];max=spec[7];step=spec[8]	ApplyCastbars|Refresh	general.castbarShakeStrength|general.castbarOutlineThickness|general.empowerStageBlinkTime|general.castbarSpellNameMaxLen|general.castbarSpellNameReservedSpace|general.focusKickIconWidth|general.focusKickIconHeight|general.focusKickTextSize|general.focusKickIconOffsetX|general.focusKickIconOffsetY|general.kickReadySize|general.kickReadyOffsetX	registered	Matched dynamic Global Castbars slider specs to registered castbar sizing/timing/offset settings.
MidnightSimpleUnitFrames/Shell/Menu2/Pages/MSUF_Menu2_GlobalCastbars.lua	1049	BuildCastControlSpecs	opt_castbar	<dynamic:label>	BuildCastControlSpecs	dropdown	BindCastDropdown	spec[6]	ApplyCastbars|Refresh	general.castbarFillDirection|general.castbarTexture|general.castbarBackgroundTexture|general.kickReadyStyle|general.kickReadyAnchor	registered	Matched dynamic Global Castbars dropdown specs to registered castbar direction/texture/indicator settings.
MidnightSimpleUnitFrames/Shell/Menu2/Pages/MSUF_Menu2_GlobalCastbars.lua	1258	RequestFocusKickTextFont	opt_castbar	Reset Position	RequestFocusKickTextFont	button	focusKickIconOffsetX		Refresh	reset_focus_kick_position	registered	Matched Focus Kick reset position button to registered reset action.
MidnightSimpleUnitFrames/Shell/Menu2/Pages/MSUF_Menu2_GlobalFonts.lua	458	RefreshFontsPage	opt_fonts	Font (SharedMedia)	Global Font	dropdown		function() return FontValues(false) end	Refresh	general.fontKey	registered	Matched shared font picker to global font setting.
MidnightSimpleUnitFrames/Shell/Menu2/Pages/MSUF_Menu2_GlobalFonts.lua	503	BindTextSegment	opt_fonts	Outline	Text Style	segment		"VT(""OUTLINE"", ""Outline"", ""THICKOUTLINE"", ""Thick Outline"", ""NONE"", ""None"")"	Refresh	fontScope.shared.outline|fontScope.player.outline|fontScope.target.outline|fontScope.targettarget.outline|fontScope.focustarget.outline|fontScope.focus.outline|fontScope.pet.outline|fontScope.boss.outline|fontScope.gf_party.outline|fontScope.gf_raid.outline	registered	Matched font outline segment to scoped font outline settings.
MidnightSimpleUnitFrames/Shell/Menu2/Pages/MSUF_Menu2_GlobalFonts.lua	511	BindTextSegment	opt_fonts	Rendering	Text Style	textinput	Smooth		Refresh	fontScope.shared.fontMonochrome|fontScope.player.fontMonochrome|fontScope.target.fontMonochrome|fontScope.targettarget.fontMonochrome|fontScope.focustarget.fontMonochrome|fontScope.focus.fontMonochrome|fontScope.pet.fontMonochrome|fontScope.boss.fontMonochrome|fontScope.gf_party.fontMonochrome|fontScope.gf_raid.fontMonochrome	registered	Matched font rendering segment to scoped font rendering settings.
MidnightSimpleUnitFrames/Shell/Menu2/Pages/MSUF_Menu2_GlobalFonts.lua	515	BindTextSegment	opt_fonts	Text shadow	Text Style	textinput	Off		Refresh	fontScope.shared.textBackdrop	registered	Matched Assistant setting by DB key or label/alias.
MidnightSimpleUnitFrames/Shell/Menu2/Pages/MSUF_Menu2_GlobalFonts.lua	520	BindTextSegment	opt_fonts	Shadow opacity	Text Style	slider		min=0.20;max=1;step=0.05	RequestGeneralApply	fontScope.shared.fontShadowOpacity	registered	Matched Assistant setting by DB key or label/alias.
MidnightSimpleUnitFrames/Shell/Menu2/Pages/MSUF_Menu2_GlobalFonts.lua	570	QueueShadowOpacityApply	opt_fonts	Shadow distance	Text Style	textinput	bBind			fontScope.shared.fontShadowDistance	registered	Matched Assistant setting by DB key or label/alias.
MidnightSimpleUnitFrames/Shell/Menu2/Pages/MSUF_Menu2_GlobalFonts.lua	577	QueueShadowOpacityApply	opt_fonts	Text opacity	Text Style	textinput	bBind			fontScope.shared.fontTextAlpha	registered	Matched Assistant setting by DB key or label/alias.
MidnightSimpleUnitFrames/Shell/Menu2/Pages/MSUF_Menu2_GlobalFonts.lua	582	QueueShadowOpacityApply	opt_fonts	Baseline	Text Style	slider		min=-4;max=4;step=1		fontScope.shared.fontBaselineOffset|fontScope.player.fontBaselineOffset|fontScope.target.fontBaselineOffset|fontScope.targettarget.fontBaselineOffset|fontScope.focustarget.fontBaselineOffset|fontScope.focus.fontBaselineOffset|fontScope.pet.fontBaselineOffset|fontScope.boss.fontBaselineOffset|fontScope.gf_party.fontBaselineOffset|fontScope.gf_raid.fontBaselineOffset	registered	Matched font baseline slider to scoped font baseline settings.
MidnightSimpleUnitFrames/Shell/Menu2/Pages/MSUF_Menu2_GlobalFonts.lua	606	BuildNameShorteningControls	opt_fonts	<dynamic:label>	Text Style	toggle				fontScope.shared.shortenNames|fontScope.target.shortenNames|fontScope.targettarget.shortenNames|fontScope.focustarget.shortenNames|fontScope.focus.shortenNames|fontScope.pet.shortenNames|fontScope.boss.shortenNames	registered	Matched scoped unit/shared name shortening toggle.
MidnightSimpleUnitFrames/Shell/Menu2/Pages/MSUF_Menu2_GlobalFonts.lua	608	BuildNameShorteningControls	opt_fonts	Truncation style	Text Style	segment		"VT(""LEFT"", ""Keep end (last letters)"", ""RIGHT"", ""Keep start (first letters)"")"		fontScope.shared.shortenNameClipSide|fontScope.target.shortenNameClipSide|fontScope.targettarget.shortenNameClipSide|fontScope.focustarget.shortenNameClipSide|fontScope.focus.shortenNameClipSide|fontScope.pet.shortenNameClipSide|fontScope.boss.shortenNameClipSide	registered	Matched scoped unit/shared name truncation style setting.
MidnightSimpleUnitFrames/Shell/Menu2/Pages/MSUF_Menu2_GlobalFonts.lua	610	BuildNameShorteningControls	opt_fonts	Max name length	Text Style	slider		min=minChars or 4;max=30;step=1		fontScope.shared.shortenNameMaxChars|fontScope.target.shortenNameMaxChars|fontScope.targettarget.shortenNameMaxChars|fontScope.focustarget.shortenNameMaxChars|fontScope.focus.shortenNameMaxChars|fontScope.pet.shortenNameMaxChars|fontScope.boss.shortenNameMaxChars	registered	Matched scoped unit/shared max name length setting.
MidnightSimpleUnitFrames/Shell/Menu2/Pages/MSUF_Menu2_GlobalFonts.lua	614	BuildNameShorteningControls	opt_fonts	No Ellipsis (truncate without ..)	Text Style	toggle				fontScope.shared.shortenNameNoEllipsis|fontScope.target.shortenNameNoEllipsis|fontScope.targettarget.shortenNameNoEllipsis|fontScope.focustarget.shortenNameNoEllipsis|fontScope.focus.shortenNameNoEllipsis|fontScope.pet.shortenNameNoEllipsis|fontScope.boss.shortenNameNoEllipsis	registered	Matched scoped unit/shared no-ellipsis setting.
MidnightSimpleUnitFrames/Shell/Menu2/Pages/MSUF_Menu2_GlobalFonts.lua	623	BuildNameShorteningControls	opt_fonts	Player Name Color	Text Colors	dropdown	name		Refresh	fontScope.shared.nameColorMode|fontScope.player.nameColorMode|fontScope.target.nameColorMode|fontScope.targettarget.nameColorMode|fontScope.focustarget.nameColorMode|fontScope.focus.nameColorMode|fontScope.pet.nameColorMode|fontScope.boss.nameColorMode|fontScope.gf_party.nameColorMode|fontScope.gf_raid.nameColorMode	registered	Matched name color dropdown to scoped font name-color settings.
MidnightSimpleUnitFrames/Shell/Menu2/Pages/MSUF_Menu2_GlobalFonts.lua	624	BuildNameShorteningControls	opt_fonts	NPC / Boss Name Color	Text Colors	dropdown	npc		Refresh	fontScope.shared.npcNameRed|fontScope.player.npcNameRed|fontScope.target.npcNameRed|fontScope.targettarget.npcNameRed|fontScope.focustarget.npcNameRed|fontScope.focus.npcNameRed|fontScope.pet.npcNameRed|fontScope.boss.npcNameRed	registered	Matched NPC/Boss name color dropdown to scoped font NPC-name settings.
MidnightSimpleUnitFrames/Shell/Menu2/Pages/MSUF_Menu2_GlobalFonts.lua	625	BuildNameShorteningControls	opt_fonts	HP Text Color	Text Colors	dropdown	bBind		Refresh	fontScope.shared.colorHealthTextByHealth	registered	Matched Assistant setting by DB key or label/alias.
MidnightSimpleUnitFrames/Shell/Menu2/Pages/MSUF_Menu2_GlobalFonts.lua	626	BuildNameShorteningControls	opt_fonts	Power Text Color	Text Colors	dropdown	power		Refresh	fontScope.shared.colorPowerTextByType	registered	Matched Assistant setting by DB key or label/alias.
MidnightSimpleUnitFrames/Shell/Menu2/Pages/MSUF_Menu2_GlobalMisc.lua	127	BindMiscDropdown	opt_misc	Menu language	Language	dropdown	menuLocale			general.menuLocale	registered	Matched Assistant setting by DB key or label/alias.
MidnightSimpleUnitFrames/Shell/Menu2/Pages/MSUF_Menu2_GlobalMisc.lua	144	BindMiscDropdown	opt_misc	Enable Windows-style edge snap for this menu	Menu behavior	toggle	slashMenuSnapEnabled		Refresh	general.slashMenuSnapEnabled	registered	Matched Assistant setting by DB key or label/alias.
MidnightSimpleUnitFrames/Shell/Menu2/Pages/MSUF_Menu2_GlobalMisc.lua	147	BindMiscDropdown	opt_misc	Hide Advanced menu section	Menu behavior	toggle	hideAdvancedMenu		Refresh	general.hideAdvancedMenu	registered	Matched Assistant setting by DB key or label/alias.
MidnightSimpleUnitFrames/Shell/Menu2/Pages/MSUF_Menu2_GlobalMisc.lua	149	BindMiscDropdown	opt_misc	Show navigation icons	Menu behavior	toggle	showNavigationIcons		Refresh	general.showNavigationIcons	registered	Matched Assistant setting by DB key or label/alias.
MidnightSimpleUnitFrames/Shell/Menu2/Pages/MSUF_Menu2_GlobalMisc.lua	151	BindMiscDropdown	opt_misc	Show MSUF button in game menu	Menu behavior	toggle	showGameMenuButton			general.showGameMenuButton	registered	Matched Assistant setting by DB key or label/alias.
MidnightSimpleUnitFrames/Shell/Menu2/Pages/MSUF_Menu2_GlobalMisc.lua	157	BindMiscDropdown	opt_misc	Reduce menu motion	Menu behavior	toggle	reduceMotion			general.reduceMotion	registered	Matched Assistant setting by DB key or label/alias.
MidnightSimpleUnitFrames/Shell/Menu2/Pages/MSUF_Menu2_GlobalMisc.lua	161	BindMiscDropdown	opt_misc	MSUF menu font	Menu behavior	dropdown	menuFontKey			general.menuFontKey	registered	Matched Assistant setting by DB key or label/alias.
MidnightSimpleUnitFrames/Shell/Menu2/Pages/MSUF_Menu2_GlobalMisc.lua	185	BindMiscDropdown	opt_misc	Navigation hover size	Menu behavior	slider	navHoverScale	min=100;max=150;step=1	Refresh	general.navHoverScale	registered	Matched Assistant setting by DB key or label/alias.
MidnightSimpleUnitFrames/Shell/Menu2/Pages/MSUF_Menu2_GlobalMisc.lua	240	RefreshAccentSwatchEnabled	opt_misc	Menu accent color	Menu behavior	dropdown	menuAccent		Refresh		unmapped	Helper-created control; static audit could not prove registry mapping.
MidnightSimpleUnitFrames/Shell/Menu2/Pages/MSUF_Menu2_GlobalMisc.lua	253	RefreshAccentSwatchEnabled	opt_misc	Custom accent color	Menu behavior	color	menuAccentColor	rgb 0..1			unmapped	No Assistant registry key was matched by exact DB key or label.
MidnightSimpleUnitFrames/Shell/Menu2/Pages/MSUF_Menu2_GlobalMisc.lua	276	RefreshAccentSwatchEnabled	opt_misc	Show welcome message	Startup	toggle	showWelcomeMessage			general.showWelcomeMessage	registered	Matched Assistant setting by DB key or label/alias.
MidnightSimpleUnitFrames/Shell/Menu2/Pages/MSUF_Menu2_GlobalMisc.lua	277	RefreshAccentSwatchEnabled	opt_misc	Enable version check (peer-to-peer)	Startup	toggle	versionCheckEnabled			general.versionCheckEnabled	registered	Matched Assistant setting by DB key or label/alias.
MidnightSimpleUnitFrames/Shell/Menu2/Pages/MSUF_Menu2_GlobalMisc.lua	294	RefreshAccentSwatchEnabled	opt_misc	Enable mouseover highlight	Mouseover Highlight	toggle	highlightEnabled			general.highlightEnabled	registered	Matched Assistant setting by DB key or label/alias.
MidnightSimpleUnitFrames/Shell/Menu2/Pages/MSUF_Menu2_GlobalMisc.lua	296	RefreshAccentSwatchEnabled	opt_misc	Style	Mouseover Highlight	dropdown	highlightStyle			general.highlightStyle	registered	Matched Assistant setting by DB key or label/alias.
MidnightSimpleUnitFrames/Shell/Menu2/Pages/MSUF_Menu2_GlobalMisc.lua	307	RefreshAccentSwatchEnabled	opt_misc	Effect size	Mouseover Highlight	slider	highlightThickness	min=1;max=16;step=1		general.highlightThickness	registered	Matched Assistant setting by DB key or label/alias.
MidnightSimpleUnitFrames/Shell/Menu2/Pages/MSUF_Menu2_GlobalMisc.lua	337	RefreshMouseoverControls	opt_misc	Tooltip source	Unitframe tooltips	dropdown	GAME		Refresh	general.unitTooltipProvider	registered	Matched Assistant setting by DB key or label/alias.
MidnightSimpleUnitFrames/Shell/Menu2/Pages/MSUF_Menu2_GlobalMisc.lua	341	RefreshMouseoverControls	opt_misc	Tooltip anchor	Unitframe tooltips	dropdown	CURSOR		Refresh	general.unitTooltipAnchor	registered	Matched Assistant setting by DB key or label/alias.
MidnightSimpleUnitFrames/Shell/Menu2/Pages/MSUF_Menu2_GlobalMisc.lua	349	RefreshTooltipControls	opt_misc	Show unitframe tooltips	Unitframe tooltips	dropdown	bBind		Refresh	general.unitTooltipMode	registered	Matched tooltip behavior dropdown to registered setting.
MidnightSimpleUnitFrames/Shell/Menu2/Pages/MSUF_Menu2_GlobalMisc.lua	356	RefreshTooltipControls	opt_misc	Modifier key	Unitframe tooltips	dropdown	bBind		Refresh	general.unitTooltipModifier	registered	Matched tooltip modifier dropdown to registered setting.
MidnightSimpleUnitFrames/Shell/Menu2/Pages/MSUF_Menu2_GlobalMisc.lua	364	RefreshTooltipControls	opt_misc	Disable Blizzard unitframes	Blizzard Frames	toggle	disableBlizzardUnitFrames			general.disableBlizzardUnitFrames	registered	Matched Assistant setting by DB key or label/alias.
MidnightSimpleUnitFrames/Shell/Menu2/Pages/MSUF_Menu2_GlobalMisc.lua	369	RefreshTooltipControls	opt_misc	Fully Hide Blizzard PlayerFrame - resource bar compatibility	Blizzard Frames	toggle	hardKillBlizzardPlayerFrame			general.hardKillBlizzardPlayerFrame	registered	Matched Assistant setting by DB key or label/alias.
MidnightSimpleUnitFrames/Shell/Menu2/Pages/MSUF_Menu2_GlobalMisc.lua	371	RefreshTooltipControls	opt_misc	Show MSUF minimap icon	Blizzard Frames	toggle	showMinimapIcon			general.showMinimapIcon	registered	Matched Assistant setting by DB key or label/alias.
MidnightSimpleUnitFrames/Shell/Menu2/Pages/MSUF_Menu2_GlobalMisc.lua	381	RefreshTooltipControls	opt_misc	Play sound on Target/Target Lost	Blizzard Frames	toggle	playTargetSelectLostSounds			general.playTargetSelectLostSounds	registered	Matched Assistant setting by DB key or label/alias.
MidnightSimpleUnitFrames/Shell/Menu2/Pages/MSUF_Menu2_Group.lua	779	ScopeDropdown		<dynamic:label>	ScopeDropdown	dropdown		values		gf_party.width|gf_party.height|gf_party.spacing|gf_party.frameScaleManual|gf_party.hpBarAlpha|gf_party.hpBgAlpha|gf_party.bgColor|gf_party.anchorToFrame|gf_party.anchorPoint|gf_raid.width|gf_raid.height|gf_raid.spacing	registered	Matched Group page Scope* helper factories to registered scoped group-frame settings.
MidnightSimpleUnitFrames/Shell/Menu2/Pages/MSUF_Menu2_Group.lua	784	ScopeSlider		<dynamic:label>	ScopeSlider	slider		min=minValue;max=maxValue;step=step		gf_party.width|gf_party.height|gf_party.spacing|gf_party.frameScaleManual|gf_party.hpBarAlpha|gf_party.hpBgAlpha|gf_party.bgColor|gf_party.anchorToFrame|gf_party.anchorPoint|gf_raid.width|gf_raid.height|gf_raid.spacing	registered	Matched Group page Scope* helper factories to registered scoped group-frame settings.
MidnightSimpleUnitFrames/Shell/Menu2/Pages/MSUF_Menu2_Group.lua	789	ScopeColor		<dynamic:label>	ScopeColor	color		rgb 0..1	QueueGF	gf_party.width|gf_party.height|gf_party.spacing|gf_party.frameScaleManual|gf_party.hpBarAlpha|gf_party.hpBgAlpha|gf_party.bgColor|gf_party.anchorToFrame|gf_party.anchorPoint|gf_raid.width|gf_raid.height|gf_raid.spacing	registered	Matched Group page Scope* helper factories to registered scoped group-frame settings.
MidnightSimpleUnitFrames/Shell/Menu2/Pages/MSUF_Menu2_GroupAuras.lua	202	BuildAuraWorkspaceTabs	gf_auras	More Aura Options	BuildAuraWorkspaceTabs	button					unmapped	No Assistant registry key was matched by exact DB key or label.
MidnightSimpleUnitFrames/Shell/Menu2/Pages/MSUF_Menu2_GroupAuras.lua	350	RefreshPage	gf_auras	Enable group auras	Auras	toggle					unmapped	No Assistant registry key was matched by exact DB key or label.
MidnightSimpleUnitFrames/Shell/Menu2/Pages/MSUF_Menu2_GroupAuras.lua	353	RefreshPage	gf_auras	Icon Zoom (%)	Auras	slider		min=100;max=200;step=1			unmapped	No Assistant registry key was matched by exact DB key or label.
MidnightSimpleUnitFrames/Shell/Menu2/Pages/MSUF_Menu2_GroupAuras.lua	369	RefreshPage	gf_auras	Visible	Auras	toggle					unmapped	No Assistant registry key was matched by exact DB key or label.
MidnightSimpleUnitFrames/Shell/Menu2/Pages/MSUF_Menu2_GroupAuras.lua	375	Dropdown	gf_auras	<dynamic:label>	Auras	dropdown		values			unmapped	No Assistant registry key was matched by exact DB key or label.
MidnightSimpleUnitFrames/Shell/Menu2/Pages/MSUF_Menu2_GroupAuras.lua	394	Slider	gf_auras	<dynamic:label>	Auras	slider		min=minValue;max=maxValue;step=1			unmapped	No Assistant registry key was matched by exact DB key or label.
MidnightSimpleUnitFrames/Shell/Menu2/Pages/MSUF_Menu2_GroupBars.lua	31	ScopeNumberSlider	gf_bars	<dynamic:label>	ScopeNumberSlider	slider		min=minValue;max=maxValue;step=step		gf_party.nameFontSize|gf_party.hpFontSize|gf_party.powerFontSize|gf_party.powerHeight|gf_party.rangeFadeAlpha|gf_party.hpBarAlpha|gf_party.hpBgAlpha|gf_party.debuffStripeHeight|gf_party.debuffStripeAlpha|gf_party.offlineAlpha|gf_raid.nameFontSize|gf_raid.hpFontSize	registered	Matched Group Bars numeric scope-slider helper to registered group-frame numeric settings.
MidnightSimpleUnitFrames/Shell/Menu2/Pages/MSUF_Menu2_GroupBars.lua	61	BuildDispelOverlaySection	gf_bars	Dispel Overlay	Dispel Overlay	toggle				gf_party.dispelOverlayEnabled|gf_raid.dispelOverlayEnabled|gf_mythicraid.dispelOverlayEnabled	registered	Matched Group Bars control to scoped group-frame setting.
MidnightSimpleUnitFrames/Shell/Menu2/Pages/MSUF_Menu2_GroupBars.lua	64	BuildDispelOverlaySection	gf_bars	Overlay detects	Dispel Overlay	dropdown		GF_DISPEL_OVERLAY_TRIGGERS	Refresh	gf_party.dispelOverlayTrigger|gf_raid.dispelOverlayTrigger|gf_mythicraid.dispelOverlayTrigger	registered	Matched Group Bars control to scoped group-frame setting.
MidnightSimpleUnitFrames/Shell/Menu2/Pages/MSUF_Menu2_GroupBars.lua	74	BuildDispelOverlaySection	gf_bars	Show on current health only	Dispel Overlay	toggle			Refresh	gf_party.dispelOverlayOnHealth|gf_raid.dispelOverlayOnHealth|gf_mythicraid.dispelOverlayOnHealth	registered	Matched Group Bars control to scoped group-frame setting.
MidnightSimpleUnitFrames/Shell/Menu2/Pages/MSUF_Menu2_GroupBars.lua	141	CurrentPowerHeight	gf_bars	Show Power Bar	Resource Bar	toggle			Refresh	gf_party.powerBarEnabled|gf_raid.powerBarEnabled|gf_mythicraid.powerBarEnabled	registered	Matched Group Bars control to scoped group-frame setting.
MidnightSimpleUnitFrames/Shell/Menu2/Pages/MSUF_Menu2_GroupBars.lua	151	CurrentPowerHeight	gf_bars	Power height	Resource Bar	slider		min=1;max=30;step=1		gf_party.powerHeight|gf_raid.powerHeight|gf_mythicraid.powerHeight	registered	Matched Group Bars control to scoped group-frame setting.
MidnightSimpleUnitFrames/Shell/Menu2/Pages/MSUF_Menu2_GroupBars.lua	163	CurrentPowerHeight	gf_bars	Smooth fill	Resource Bar	toggle				gf_party.powerSmoothFill|gf_raid.powerSmoothFill|gf_mythicraid.powerSmoothFill	registered	Matched Group Bars control to scoped group-frame setting.
MidnightSimpleUnitFrames/Shell/Menu2/Pages/MSUF_Menu2_GroupBars.lua	167	CurrentPowerHeight	gf_bars	Tank	Resource Bar	toggle				gf_party.powerShowTank|gf_raid.powerShowTank|gf_mythicraid.powerShowTank	registered	Matched Group Bars control to scoped group-frame setting.
MidnightSimpleUnitFrames/Shell/Menu2/Pages/MSUF_Menu2_GroupBars.lua	168	CurrentPowerHeight	gf_bars	Healer	Resource Bar	toggle				gf_party.powerShowHealer|gf_raid.powerShowHealer|gf_mythicraid.powerShowHealer	registered	Matched Group Bars control to scoped group-frame setting.
MidnightSimpleUnitFrames/Shell/Menu2/Pages/MSUF_Menu2_GroupBars.lua	169	CurrentPowerHeight	gf_bars	DPS	Resource Bar	toggle			Refresh	gf_party.powerShowDamager|gf_raid.powerShowDamager|gf_mythicraid.powerShowDamager	registered	Matched Group Bars control to scoped group-frame setting.
MidnightSimpleUnitFrames/Shell/Menu2/Pages/MSUF_Menu2_GroupBars.lua	477	SetPowerTextEnabled	gf_bars	Show Name	Text	toggle				gf_party.showName|gf_raid.showName|gf_mythicraid.showName	registered	Matched Group Bars control to scoped group-frame setting.
MidnightSimpleUnitFrames/Shell/Menu2/Pages/MSUF_Menu2_GroupBars.lua	478	SetPowerTextEnabled	gf_bars	Hide name on dead/offline	Text	toggle				gf_party.hideNameOnDeadOffline|gf_raid.hideNameOnDeadOffline|gf_mythicraid.hideNameOnDeadOffline	registered	Matched Group Bars control to scoped group-frame setting.
MidnightSimpleUnitFrames/Shell/Menu2/Pages/MSUF_Menu2_GroupBars.lua	509	BuildValueTextTab	gf_bars	HIDDEN	Text	toggle				gf_party.showHPText|gf_party.showPowerText|gf_raid.showHPText|gf_raid.showPowerText|gf_mythicraid.showHPText|gf_mythicraid.showPowerText	registered	Matched dynamic HP/power text visibility controls.
MidnightSimpleUnitFrames/Shell/Menu2/Pages/MSUF_Menu2_GroupBars.lua	512	BuildValueTextTab	gf_bars	font	Text	toggle			Refresh	gf_party.showHPText|gf_party.showPowerText|gf_raid.showHPText|gf_raid.showPowerText|gf_mythicraid.showHPText|gf_mythicraid.showPowerText	registered	Matched dynamic HP/power text visibility controls.
MidnightSimpleUnitFrames/Shell/Menu2/Pages/MSUF_Menu2_GroupBars.lua	534	AfterModeChanged	gf_bars	Text slots	Text	segment		SLOT_VALUES	Refresh		unmapped	No Assistant registry key was matched by exact DB key or label.
MidnightSimpleUnitFrames/Shell/Menu2/Pages/MSUF_Menu2_GroupBars.lua	544	AfterModeChanged	gf_bars	"<dynamic:cfg.valueLabel or ""Value"">"	Text	dropdown		cfg.baseModes or cfg.modes or TEXT_MODES			unmapped	No Assistant registry key was matched by exact DB key or label.
MidnightSimpleUnitFrames/Shell/Menu2/Pages/MSUF_Menu2_GroupBars.lua	562	AfterModeChanged	gf_bars	Absorb	Text	segment		ABSORB_STYLE_VALUES			unmapped	No Assistant registry key was matched by exact DB key or label.
MidnightSimpleUnitFrames/Shell/Menu2/Pages/MSUF_Menu2_GroupBars.lua	580	AfterModeChanged	gf_bars	Hide % sign	Text	toggle			Refresh		unmapped	No Assistant registry key was matched by exact DB key or label.
MidnightSimpleUnitFrames/Shell/Menu2/Pages/MSUF_Menu2_GroupBars.lua	604	AfterModeChanged	gf_bars	Reverse order	Text	toggle				gf_party.hpTextReverse|gf_raid.hpTextReverse|gf_mythicraid.hpTextReverse	registered	Matched HP text reverse-order setting.
MidnightSimpleUnitFrames/Shell/Menu2/Pages/MSUF_Menu2_GroupBars.lua	605	AfterModeChanged	gf_bars	Decimal percent	Text	toggle				gf_party.healthTextDecimals|gf_raid.healthTextDecimals|gf_mythicraid.healthTextDecimals	registered	Matched HP decimal-percent toggle to registered group health text decimals setting.
MidnightSimpleUnitFrames/Shell/Menu2/Pages/MSUF_Menu2_GroupBars.lua	607	AfterModeChanged	gf_bars	Short numbers	Text	toggle			Refresh		unmapped	No Assistant registry key was matched by exact DB key or label.
MidnightSimpleUnitFrames/Shell/Menu2/Pages/MSUF_Menu2_GroupBars.lua	623	AfterModeChanged	gf_bars	Move text as one group	Text	toggle			Refresh	set_menu_selector_state	registered	Matched runtime group text move-together editor toggle to Assistant menu selector state action.
MidnightSimpleUnitFrames/Shell/Menu2/Pages/MSUF_Menu2_GroupBars.lua	634	SlotAxis	gf_bars	"<dynamic:""Selected slot "" .. axis>"	Text	slider		min=-100;max=100;step=1		gf_party.hpTextLeftOffsetX|gf_party.hpTextLeftOffsetY|gf_party.hpTextCenterOffsetX|gf_party.hpTextCenterOffsetY|gf_party.hpTextRightOffsetX|gf_party.hpTextRightOffsetY|gf_party.powerTextLeftOffsetX|gf_party.powerTextLeftOffsetY|gf_party.powerTextCenterOffsetX|gf_party.powerTextCenterOffsetY|gf_party.powerTextRightOffsetX|gf_party.powerTextRightOffsetY	registered	Matched dynamic selected-slot offset controls.
MidnightSimpleUnitFrames/Shell/Menu2/Pages/MSUF_Menu2_GroupBars.lua	655	SlotAxis	gf_bars	Selected slot size	Text	slider		min=6;max=48;step=1		gf_party.hpTextLeftOffsetX|gf_party.hpTextLeftOffsetY|gf_party.hpTextCenterOffsetX|gf_party.hpTextCenterOffsetY|gf_party.hpTextRightOffsetX|gf_party.hpTextRightOffsetY|gf_party.powerTextLeftOffsetX|gf_party.powerTextLeftOffsetY|gf_party.powerTextCenterOffsetX|gf_party.powerTextCenterOffsetY|gf_party.powerTextRightOffsetX|gf_party.powerTextRightOffsetY	registered	Matched dynamic selected-slot offset controls.
MidnightSimpleUnitFrames/Shell/Menu2/Pages/MSUF_Menu2_GroupBars.lua	790	BuildGFDebuffStripeSection	gf_bars	Debuff Stripe	Debuff Stripe	toggle			Refresh	gf_party.debuffStripeEnabled|gf_raid.debuffStripeEnabled|gf_mythicraid.debuffStripeEnabled	registered	Matched Group Bars control to scoped group-frame setting.
MidnightSimpleUnitFrames/Shell/Menu2/Pages/MSUF_Menu2_GroupBars.lua	821	BuildGFRangeFadeSection	gf_bars	Range Fade	Range Fade	toggle				gf_party.rangeFadeEnabled|gf_raid.rangeFadeEnabled|gf_mythicraid.rangeFadeEnabled	registered	Matched Group Bars control to scoped group-frame setting.
MidnightSimpleUnitFrames/Shell/Menu2/Pages/MSUF_Menu2_GroupBars.lua	823	BindRangeAlphaSlider	gf_bars		Range Fade	slider		min=0;max=1;step=0.05	QueueGF	gf_party.rangeFadeAlpha|gf_party.offlineAlpha|gf_raid.rangeFadeAlpha|gf_raid.offlineAlpha|gf_mythicraid.rangeFadeAlpha|gf_mythicraid.offlineAlpha	registered	Matched dynamic Group Bars range/offline alpha sliders to registered group settings.
MidnightSimpleUnitFrames/Shell/Menu2/Pages/MSUF_Menu2_GroupBars.lua	840	BindRangeAlphaSlider	gf_bars	Affects	Range Fade	segment		"VT(""frame"", ""Frame"", ""health"", ""HP"")"	Refresh	gf_party.rangeFadeAlpha|gf_party.offlineAlpha|gf_raid.rangeFadeAlpha|gf_raid.offlineAlpha|gf_mythicraid.rangeFadeAlpha|gf_mythicraid.offlineAlpha	registered	Matched dynamic Group Bars range/offline alpha sliders to registered group settings.
MidnightSimpleUnitFrames/Shell/Menu2/Pages/MSUF_Menu2_GroupBars.lua	848	BindRangeAlphaSlider	gf_bars	Out of range	Range Fade	slider	rangeFadeAlpha		Refresh	gf_party.rangeFadeAlpha|gf_party.offlineAlpha|gf_raid.rangeFadeAlpha|gf_raid.offlineAlpha|gf_mythicraid.rangeFadeAlpha|gf_mythicraid.offlineAlpha	registered	Matched dynamic Group Bars range/offline alpha sliders to registered group settings.
MidnightSimpleUnitFrames/Shell/Menu2/Pages/MSUF_Menu2_GroupBars.lua	849	BindRangeAlphaSlider	gf_bars	offlineAlpha	Range Fade	slider	Offline		Refresh	gf_party.rangeFadeAlpha|gf_party.offlineAlpha|gf_raid.rangeFadeAlpha|gf_raid.offlineAlpha|gf_mythicraid.rangeFadeAlpha|gf_mythicraid.offlineAlpha	registered	Matched dynamic Group Bars range/offline alpha sliders to registered group settings.
MidnightSimpleUnitFrames/Shell/Menu2/Pages/MSUF_Menu2_GroupIndicators.lua	238	AddScopeDropdown	gf_indicators	Target Highlight	Frame Indicators	toggle				gf_party.targetIndicator|gf_raid.targetIndicator|gf_mythicraid.targetIndicator	registered	Matched Group Indicators control to scoped group-frame setting.
MidnightSimpleUnitFrames/Shell/Menu2/Pages/MSUF_Menu2_GroupIndicators.lua	251	OpenBarsHighlight	gf_indicators	Open Bars	Frame Indicators	button					unmapped	No Assistant registry key was matched by exact DB key or label.
MidnightSimpleUnitFrames/Shell/Menu2/Pages/MSUF_Menu2_GroupIndicators.lua	278	OpenBarsHighlight	gf_indicators	Group Number	Frame Indicators	toggle				gf_party.showGroupNumber|gf_raid.showGroupNumber|gf_mythicraid.showGroupNumber	registered	Matched Group Indicators control to scoped group-frame setting.
MidnightSimpleUnitFrames/Shell/Menu2/Pages/MSUF_Menu2_GroupIndicators.lua	281	OpenBarsHighlight	gf_indicators	Size	Frame Indicators	slider	groupNumberSize	min=6;max=24;step=1		gf_party.groupNumberSize|gf_raid.groupNumberSize|gf_mythicraid.groupNumberSize	registered	Matched page-scoped Assistant settings by DB key and control type.
MidnightSimpleUnitFrames/Shell/Menu2/Pages/MSUF_Menu2_GroupIndicators.lua	282	OpenBarsHighlight	gf_indicators	Anchor	Frame Indicators	dropdown	groupNumberAnchor	AURA_ANCHORS		gf_party.groupNumberAnchor|gf_raid.groupNumberAnchor|gf_mythicraid.groupNumberAnchor	registered	Matched page-scoped Assistant settings by DB key and control type.
MidnightSimpleUnitFrames/Shell/Menu2/Pages/MSUF_Menu2_GroupIndicators.lua	283	OpenBarsHighlight	gf_indicators	X Offset	Frame Indicators	slider	groupNumberX	min=-100;max=100;step=1		gf_party.groupNumberX|gf_raid.groupNumberX|gf_mythicraid.groupNumberX	registered	Matched page-scoped Assistant settings by DB key and control type.
MidnightSimpleUnitFrames/Shell/Menu2/Pages/MSUF_Menu2_GroupIndicators.lua	284	OpenBarsHighlight	gf_indicators	Y Offset	Frame Indicators	slider	groupNumberY	min=-100;max=100;step=1		gf_party.groupNumberY|gf_raid.groupNumberY|gf_mythicraid.groupNumberY	registered	Matched page-scoped Assistant settings by DB key and control type.
MidnightSimpleUnitFrames/Shell/Menu2/Pages/MSUF_Menu2_GroupIndicators.lua	285	OpenBarsHighlight	gf_indicators	Layer	Frame Indicators	slider	groupNumberLayer	min=0;max=30;step=1		gf_party.groupNumberLayer|gf_raid.groupNumberLayer|gf_mythicraid.groupNumberLayer	registered	Matched Group Number's independent layer setting.
MidnightSimpleUnitFrames/Shell/Menu2/Pages/MSUF_Menu2_GroupIndicators.lua	295	OpenBarsHighlight	gf_indicators	Focus Highlight	Frame Indicators	toggle				gf_party.hlFocusEnabled|gf_raid.hlFocusEnabled|gf_mythicraid.hlFocusEnabled	registered	Matched Group Indicators control to scoped group-frame setting.
MidnightSimpleUnitFrames/Shell/Menu2/Pages/MSUF_Menu2_GroupIndicators.lua	300	OpenBarsHighlight	gf_indicators	Border Thickness	Frame Indicators	slider	hlFocusSize	min=1;max=6;step=1		gf_party.hlFocusSize|gf_raid.hlFocusSize|gf_mythicraid.hlFocusSize	registered	Matched page-scoped Assistant settings by DB key and control type.
MidnightSimpleUnitFrames/Shell/Menu2/Pages/MSUF_Menu2_GroupIndicators.lua	312	OpenBarsHighlight	gf_indicators	Group Border	Frame Indicators	toggle			Refresh	gf_party.groupBorderEnabled|gf_raid.groupBorderEnabled|gf_mythicraid.groupBorderEnabled	registered	Matched Group Indicators control to scoped group-frame setting.
MidnightSimpleUnitFrames/Shell/Menu2/Pages/MSUF_Menu2_GroupIndicators.lua	315	OpenBarsHighlight	gf_indicators	Border Thickness	Frame Indicators	slider	groupBorderSize	min=1;max=12;step=1	Refresh	gf_party.groupBorderSize|gf_raid.groupBorderSize|gf_mythicraid.groupBorderSize	registered	Matched page-scoped Assistant settings by DB key and control type.
MidnightSimpleUnitFrames/Shell/Menu2/Pages/MSUF_Menu2_GroupIndicators.lua	316	OpenBarsHighlight	gf_indicators	Padding	Frame Indicators	slider	groupBorderPadding	min=0;max=40;step=1	Refresh	gf_party.groupBorderPadding|gf_raid.groupBorderPadding|gf_mythicraid.groupBorderPadding	registered	Matched Group Indicators control to scoped group-frame setting.
MidnightSimpleUnitFrames/Shell/Menu2/Pages/MSUF_Menu2_GroupIndicators.lua	552	ResolvePreviewStatusIcon	gf_indicators	Use Midnight Style	Status Icons	toggle				gf_party.useMidnightIcons|gf_raid.useMidnightIcons|gf_mythicraid.useMidnightIcons	registered	Matched Group Indicators control to scoped group-frame setting.
MidnightSimpleUnitFrames/Shell/Menu2/Pages/MSUF_Menu2_GroupIndicators.lua	553	ResolvePreviewStatusIcon	gf_indicators	Indicator	Status Icons	dropdown		GF_STATUS_ICON_VALUES	Refresh	set_menu_selector_state	registered	Matched runtime group selected-status-icon dropdown to Assistant menu selector state action.
MidnightSimpleUnitFrames/Shell/Menu2/Pages/MSUF_Menu2_GroupIndicators.lua	569	ResolvePreviewStatusIcon	gf_indicators	Enabled	Status Icons	toggle			Refresh		unmapped	No Assistant registry key was matched by exact DB key or label.
MidnightSimpleUnitFrames/Shell/Menu2/Pages/MSUF_Menu2_GroupIndicators.lua	583	ResolvePreviewStatusIcon	gf_indicators	Role icon style	Status Icons	dropdown	iconStyle		Refresh	gf_party.iconStyle|gf_raid.iconStyle|gf_mythicraid.iconStyle	registered	Matched page-scoped Assistant settings by DB key and control type.
MidnightSimpleUnitFrames/Shell/Menu2/Pages/MSUF_Menu2_GroupIndicators.lua	588	ResolvePreviewStatusIcon	gf_indicators	Custom icon	Status Icons	dropdown	customIcon		Refresh		unmapped	Helper-created control; static audit could not prove registry mapping.
MidnightSimpleUnitFrames/Shell/Menu2/Pages/MSUF_Menu2_GroupIndicators.lua	602	ResolvePreviewStatusIcon	gf_indicators	Tank	Status Icons	toggle				gf_party.roleIconShowTank|gf_raid.roleIconShowTank|gf_mythicraid.roleIconShowTank	registered	Matched Group Indicators control to scoped group-frame setting.
MidnightSimpleUnitFrames/Shell/Menu2/Pages/MSUF_Menu2_GroupIndicators.lua	603	ResolvePreviewStatusIcon	gf_indicators	Healer	Status Icons	toggle				gf_party.roleIconShowHealer|gf_raid.roleIconShowHealer|gf_mythicraid.roleIconShowHealer	registered	Matched Group Indicators control to scoped group-frame setting.
MidnightSimpleUnitFrames/Shell/Menu2/Pages/MSUF_Menu2_GroupIndicators.lua	604	ResolvePreviewStatusIcon	gf_indicators	DPS	Status Icons	toggle			Refresh	gf_party.roleIconShowDPS|gf_raid.roleIconShowDPS|gf_mythicraid.roleIconShowDPS	registered	Matched Group Indicators control to scoped group-frame setting.
MidnightSimpleUnitFrames/Shell/Menu2/Pages/MSUF_Menu2_GroupIndicators.lua	620	PreviewActionButton	gf_indicators	<dynamic:label>	Status Icons	button				preview_group_status_icon	registered	Matched group status-icon preview action.
MidnightSimpleUnitFrames/Shell/Menu2/Pages/MSUF_Menu2_GroupIndicators.lua	636	PreviewActionButton	gf_indicators	Reset selected	Status Icons	button			QueueGF|Refresh	preview_group_status_icon	registered	Matched group status-icon preview action.
MidnightSimpleUnitFrames/Shell/Menu2/Pages/MSUF_Menu2_GroupIndicators.lua	720	RefreshIconPreviewStrip	gf_indicators	Reset selected	Status Icons	button				reset_group_status_icon	registered	Matched group status-icon reset action.
MidnightSimpleUnitFrames/Shell/Menu2/Pages/MSUF_Menu2_GroupIndicators.lua	1362	RequestSpellControlRefresh	gf_indicators	"<dynamic:Tr(""Show spell indicators"")>"	Status Icons	toggle			Refresh		unmapped	No Assistant registry key was matched by exact DB key or label.
MidnightSimpleUnitFrames/Shell/Menu2/Pages/MSUF_Menu2_GroupIndicators.lua	1385	SelectedSpellConfigTable	gf_indicators	layer	Status Icons	slider		min=0;max=30;step=1			unmapped	No Assistant registry key was matched by exact DB key or label.
MidnightSimpleUnitFrames/Shell/Menu2/Pages/MSUF_Menu2_GroupIndicators.lua	1387	SelectedSpellConfigTable	gf_indicators	"<dynamic:Tr(""Spec"")>"	Status Icons	dropdown		SpellSpecValues	Refresh	gf_party.spellIndicators.spec|gf_raid.spellIndicators.spec|gf_mythicraid.spellIndicators.spec	registered	Matched spell-indicator spec setting.
MidnightSimpleUnitFrames/Shell/Menu2/Pages/MSUF_Menu2_GroupIndicators.lua	1406	PreviewAllSpecIconsEnabled	gf_indicators	"<dynamic:Tr(""Preview all spells"")>"	Status Icons	button			Refresh		unmapped	No Assistant registry key was matched by exact DB key or label.
MidnightSimpleUnitFrames/Shell/Menu2/Pages/MSUF_Menu2_GroupIndicators.lua	1438	SetPreviewAllSpecIcons	gf_indicators	"<dynamic:Tr(""Multi-Spec Entry"")>"	Status Icons	dropdown		function() return SpellTrackedSpecValues() end	Refresh	set_menu_selector_state	registered	Matched runtime spell-indicator multi-spec dropdown to Assistant menu selector state action.
MidnightSimpleUnitFrames/Shell/Menu2/Pages/MSUF_Menu2_GroupIndicators.lua	1454	SetPreviewAllSpecIcons	gf_indicators	"<dynamic:Tr(""Track selected multi spec"")>"	Status Icons	toggle				set_group_spell_indicator_multi_spec	registered	Matched spell-indicator multi-spec tracking action.
MidnightSimpleUnitFrames/Shell/Menu2/Pages/MSUF_Menu2_GroupIndicators.lua	1475	SetPreviewAllSpecIcons	gf_indicators	"<dynamic:Tr(""Choose spell"")>"	Status Icons	dropdown		function() return SpellAuraValues(CurrentScope()) end	Refresh		unmapped	No Assistant registry key was matched by exact DB key or label.
MidnightSimpleUnitFrames/Shell/Menu2/Pages/MSUF_Menu2_GroupIndicators.lua	1486	SetPreviewAllSpecIcons	gf_indicators	"<dynamic:Tr(""Show this spell"")>"	Status Icons	toggle					unmapped	No Assistant registry key was matched by exact DB key or label.
MidnightSimpleUnitFrames/Shell/Menu2/Pages/MSUF_Menu2_GroupIndicators.lua	1498	SetPreviewAllSpecIcons	gf_indicators	"<dynamic:Tr(""Aura Spell IDs"")>"	Status Icons	textinput					unmapped	No Assistant registry key was matched by exact DB key or label.
MidnightSimpleUnitFrames/Shell/Menu2/Pages/MSUF_Menu2_GroupIndicators.lua	1518	SetPreviewAllSpecIcons	gf_indicators	"<dynamic:Tr(""Only show my casts"")>"	Status Icons	toggle					unmapped	No Assistant registry key was matched by exact DB key or label.
MidnightSimpleUnitFrames/Shell/Menu2/Pages/MSUF_Menu2_GroupIndicators.lua	1535	SetPreviewAllSpecIcons	gf_indicators	"<dynamic:Tr(""Hide duplicate Buff icon"")>"	Status Icons	toggle					unmapped	No Assistant registry key was matched by exact DB key or label.
MidnightSimpleUnitFrames/Shell/Menu2/Pages/MSUF_Menu2_GroupIndicators.lua	1553	BindPlacedDropdown	gf_indicators	<dynamic:Tr(label)>	Status Icons	dropdown		values			unmapped	No Assistant registry key was matched by exact DB key or label.
MidnightSimpleUnitFrames/Shell/Menu2/Pages/MSUF_Menu2_GroupIndicators.lua	1570	BindConfigSlider	gf_indicators	<dynamic:Tr(label)>	Status Icons	slider		min=minValue;max=maxValue;step=step			unmapped	No Assistant registry key was matched by exact DB key or label.
MidnightSimpleUnitFrames/Shell/Menu2/Pages/MSUF_Menu2_GroupIndicators.lua	1589	BindPlacedToggle	gf_indicators	<dynamic:Tr(label)>	Status Icons	toggle					unmapped	No Assistant registry key was matched by exact DB key or label.
MidnightSimpleUnitFrames/Shell/Menu2/Pages/MSUF_Menu2_GroupIndicators.lua	1610	BindFrameDropdown	gf_indicators	<dynamic:Tr(label)>	Status Icons	dropdown		values			unmapped	No Assistant registry key was matched by exact DB key or label.
MidnightSimpleUnitFrames/Shell/Menu2/Pages/MSUF_Menu2_GroupIndicators.lua	1627	BindSpellSubType	gf_indicators	<dynamic:Tr(label)>	Status Icons	dropdown		values			unmapped	No Assistant registry key was matched by exact DB key or label.
MidnightSimpleUnitFrames/Shell/Menu2/Pages/MSUF_Menu2_GroupIndicators.lua	1660	BindSpellSubType	gf_indicators	Anchor	Status Icons	dropdown	bBind		Refresh		unmapped	Helper-created control; static audit could not prove registry mapping.
MidnightSimpleUnitFrames/Shell/Menu2/Pages/MSUF_Menu2_GroupIndicators.lua	1661	BindSpellSubType	gf_indicators	Size	Status Icons	slider	bBind		Refresh		unmapped	Helper-created control; static audit could not prove registry mapping.
MidnightSimpleUnitFrames/Shell/Menu2/Pages/MSUF_Menu2_GroupIndicators.lua	1662	BindSpellSubType	gf_indicators	X Offset	Status Icons	slider	bBind		Refresh		unmapped	Helper-created control; static audit could not prove registry mapping.
MidnightSimpleUnitFrames/Shell/Menu2/Pages/MSUF_Menu2_GroupIndicators.lua	1663	BindSpellSubType	gf_indicators	Y Offset	Status Icons	slider	bBind		Refresh		unmapped	Helper-created control; static audit could not prove registry mapping.
MidnightSimpleUnitFrames/Shell/Menu2/Pages/MSUF_Menu2_GroupIndicators.lua	1664	BindSpellSubType	gf_indicators	Bar Width	Status Icons	slider	barWidth		Refresh		unmapped	Helper-created control; static audit could not prove registry mapping.
MidnightSimpleUnitFrames/Shell/Menu2/Pages/MSUF_Menu2_GroupIndicators.lua	1665	BindSpellSubType	gf_indicators	Growth	Status Icons	dropdown	RIGHTDOWN		Refresh		unmapped	Helper-created control; static audit could not prove registry mapping.
MidnightSimpleUnitFrames/Shell/Menu2/Pages/MSUF_Menu2_GroupIndicators.lua	1666	BindSpellSubType	gf_indicators	Icon Effect	Status Icons	dropdown	iconEffect		Refresh		unmapped	Helper-created control; static audit could not prove registry mapping.
MidnightSimpleUnitFrames/Shell/Menu2/Pages/MSUF_Menu2_GroupIndicators.lua	1680	BindSpellSubType	gf_indicators	When	Status Icons	dropdown	always		Refresh	gf_party.ciCustomTL.mode|gf_party.ciCustomTR.mode|gf_party.ciCustomBL.mode|gf_party.ciCustomBR.mode|gf_party.ciCustomC.mode|gf_raid.ciCustomTL.mode|gf_raid.ciCustomTR.mode|gf_raid.ciCustomBL.mode|gf_raid.ciCustomBR.mode|gf_raid.ciCustomC.mode|gf_mythicraid.ciCustomTL.mode|gf_mythicraid.ciCustomTR.mode	registered	Matched corner-indicator custom mode settings.
MidnightSimpleUnitFrames/Shell/Menu2/Pages/MSUF_Menu2_GroupIndicators.lua	1681	BindSpellSubType	gf_indicators	Start effect at (seconds remaining)	Status Icons	slider	expireThreshold				unmapped	Helper-created control; static audit could not prove registry mapping.
MidnightSimpleUnitFrames/Shell/Menu2/Pages/MSUF_Menu2_GroupIndicators.lua	1687	BindSpellSubType	gf_indicators	"<dynamic:Tr(""Color"")>"	Status Icons	color		rgb 0..1			unmapped	No Assistant registry key was matched by exact DB key or label.
MidnightSimpleUnitFrames/Shell/Menu2/Pages/MSUF_Menu2_GroupIndicators.lua	1708	BindSpellSubType	gf_indicators	Priority	Status Icons	slider	bBind				unmapped	Helper-created control; static audit could not prove registry mapping.
MidnightSimpleUnitFrames/Shell/Menu2/Pages/MSUF_Menu2_GroupIndicators.lua	1709	BindSpellSubType	gf_indicators	"<dynamic:Tr(""Tint Alpha"")>"	Status Icons	slider		min=5;max=100;step=5			unmapped	No Assistant registry key was matched by exact DB key or label.
MidnightSimpleUnitFrames/Shell/Menu2/Pages/MSUF_Menu2_GroupIndicators.lua	1726	BindSpellSubType	gf_indicators	Border / Glow Thickness	Status Icons	slider	thickness				unmapped	Helper-created control; static audit could not prove registry mapping.
MidnightSimpleUnitFrames/Shell/Menu2/Pages/MSUF_Menu2_GroupIndicators.lua	1727	BindSpellSubType	gf_indicators	Effect Layer (0-30)	Status Icons	slider	layer			auras3.player.custom1.layer|auras3.player.custom2.layer|auras3.player.custom3.layer|auras3.player.custom4.layer|auras3.target.custom1.layer|auras3.target.custom2.layer|auras3.target.custom3.layer|auras3.target.custom4.layer	registered	Matched page-scoped Assistant settings by DB key and control type.
MidnightSimpleUnitFrames/Shell/Menu2/Pages/MSUF_Menu2_GroupIndicators.lua	1728	BindSpellSubType	gf_indicators	"<dynamic:Tr(""Icon Zoom (%)"")>"	Status Icons	slider		min=100;max=200;step=1			unmapped	No Assistant registry key was matched by exact DB key or label.
MidnightSimpleUnitFrames/Shell/Menu2/Pages/MSUF_Menu2_GroupIndicators.lua	1742	BindSpellSubType	gf_indicators	"<dynamic:Tr(""Edit Buff Style"")>"	Status Icons	button					unmapped	No Assistant registry key was matched by exact DB key or label.
MidnightSimpleUnitFrames/Shell/Menu2/Pages/MSUF_Menu2_GroupIndicators.lua	1857	BuildCornerIndicatorsSection	gf_indicators	Corner Indicators	Corner Indicators	toggle				gf_party.ciEnabled|gf_raid.ciEnabled|gf_mythicraid.ciEnabled	registered	Matched Group Indicators control to scoped group-frame setting.
MidnightSimpleUnitFrames/Shell/Menu2/Pages/MSUF_Menu2_GroupIndicators.lua	1860	BuildCornerIndicatorsSection	gf_indicators	Alpha	Corner Indicators	slider		min=10;max=100;step=5		gf_party.ciAlpha|gf_raid.ciAlpha|gf_mythicraid.ciAlpha	registered	Matched Group Indicators control to scoped group-frame setting.
MidnightSimpleUnitFrames/Shell/Menu2/Pages/MSUF_Menu2_GroupIndicators.lua	1883	BuildCornerIndicatorsSection	gf_indicators	"<dynamic:(slotInfo.text or slotKey) .. "" Indicator"">"	Corner Indicators	dropdown		CICategoryValues	Refresh	gf_party.ciSlotTL|gf_party.ciSlotTR|gf_party.ciSlotBL|gf_party.ciSlotBR|gf_party.ciSlotC|gf_raid.ciSlotTL|gf_raid.ciSlotTR|gf_raid.ciSlotBL|gf_raid.ciSlotBR|gf_raid.ciSlotC|gf_mythicraid.ciSlotTL|gf_mythicraid.ciSlotTR	registered	Matched corner-indicator slot assignment settings.
MidnightSimpleUnitFrames/Shell/Menu2/Pages/MSUF_Menu2_GroupIndicators.lua	1899	BuildCornerIndicatorsSection	gf_indicators	Editor Slot	Corner Indicators	dropdown		CI_SLOT_VALUES	Refresh	set_menu_selector_state	registered	Matched runtime corner-editor slot selector to Assistant menu selector state action.
MidnightSimpleUnitFrames/Shell/Menu2/Pages/MSUF_Menu2_GroupIndicators.lua	1908	BuildCornerIndicatorsSection	gf_indicators	Selected Slot Indicator	Corner Indicators	dropdown		CICategoryValues	Refresh	gf_party.ciSlotTL|gf_party.ciSlotTR|gf_party.ciSlotBL|gf_party.ciSlotBR|gf_party.ciSlotC|gf_raid.ciSlotTL|gf_raid.ciSlotTR|gf_raid.ciSlotBL|gf_raid.ciSlotBR|gf_raid.ciSlotC|gf_mythicraid.ciSlotTL|gf_mythicraid.ciSlotTR	registered	Matched selected corner-indicator slot assignment settings.
MidnightSimpleUnitFrames/Shell/Menu2/Pages/MSUF_Menu2_GroupIndicators.lua	1923	BuildCornerIndicatorsSection	gf_indicators	Spell IDs (comma-separated)	Corner Indicators	textinput			QueueGF	gf_party.ciCustomTL.spells|gf_party.ciCustomTR.spells|gf_party.ciCustomBL.spells|gf_party.ciCustomBR.spells|gf_party.ciCustomC.spells|gf_raid.ciCustomTL.spells|gf_raid.ciCustomTR.spells|gf_raid.ciCustomBL.spells|gf_raid.ciCustomBR.spells|gf_raid.ciCustomC.spells|gf_mythicraid.ciCustomTL.spells|gf_mythicraid.ciCustomTR.spells	registered	Matched corner-indicator custom spell-ID settings.
MidnightSimpleUnitFrames/Shell/Menu2/Pages/MSUF_Menu2_GroupIndicators.lua	1953	BindCICustomDropdown	gf_indicators	When	Corner Indicators	dropdown	present			gf_party.ciCustomTL.mode|gf_party.ciCustomTR.mode|gf_party.ciCustomBL.mode|gf_party.ciCustomBR.mode|gf_party.ciCustomC.mode|gf_raid.ciCustomTL.mode|gf_raid.ciCustomTR.mode|gf_raid.ciCustomBL.mode|gf_raid.ciCustomBR.mode|gf_raid.ciCustomC.mode|gf_mythicraid.ciCustomTL.mode|gf_mythicraid.ciCustomTR.mode	registered	Matched corner-indicator custom mode settings.
MidnightSimpleUnitFrames/Shell/Menu2/Pages/MSUF_Menu2_GroupIndicators.lua	1954	BindCICustomDropdown	gf_indicators	HELPFUL|PLAYER	Corner Indicators	dropdown	Filter			gf_party.ciCustomTL.filter|gf_party.ciCustomTR.filter|gf_party.ciCustomBL.filter|gf_party.ciCustomBR.filter|gf_party.ciCustomC.filter|gf_raid.ciCustomTL.filter|gf_raid.ciCustomTR.filter|gf_raid.ciCustomBL.filter	registered	Matched page-scoped Assistant settings by DB key and control type.
MidnightSimpleUnitFrames/Shell/Menu2/Pages/MSUF_Menu2_GroupIndicators.lua	1955	BindCICustomDropdown	gf_indicators	Custom Color	Corner Indicators	color		rgb 0..1	QueueGF	gf_party.ciCustomTL.color|gf_party.ciCustomTR.color|gf_party.ciCustomBL.color|gf_party.ciCustomBR.color|gf_party.ciCustomC.color|gf_raid.ciCustomTL.color|gf_raid.ciCustomTR.color|gf_raid.ciCustomBL.color|gf_raid.ciCustomBR.color|gf_raid.ciCustomC.color|gf_mythicraid.ciCustomTL.color|gf_mythicraid.ciCustomTR.color	registered	Matched corner-indicator custom color settings.
MidnightSimpleUnitFrames/Shell/Menu2/Pages/MSUF_Menu2_GroupLayout.lua	129	BuildGFGeneralSection	gf_layout	Frames used in this scope	Frame Basics	dropdown		GROUP_FRAME_PROVIDER_VALUES	Refresh		unmapped	No Assistant registry key was matched by exact DB key or label.
MidnightSimpleUnitFrames/Shell/Menu2/Pages/MSUF_Menu2_GroupLayout.lua	158	BuildGFGeneralSection	gf_layout	<dynamic:s[1]>	Frame Basics	toggle					unmapped	No Assistant registry key was matched by exact DB key or label.
MidnightSimpleUnitFrames/Shell/Menu2/Pages/MSUF_Menu2_GroupLayout.lua	161	BuildGFGeneralSection	gf_layout	Offline Members	Frame Basics	toggle				gf_party.hideOfflineEnabled|gf_raid.hideOfflineEnabled|gf_mythicraid.hideOfflineEnabled	registered	Matched Group Layout control to scoped group-frame setting.
MidnightSimpleUnitFrames/Shell/Menu2/Pages/MSUF_Menu2_GroupLayout.lua	162	BuildGFGeneralSection	gf_layout	Hide offline in combat	Frame Basics	toggle				gf_party.hideOfflineInCombat|gf_raid.hideOfflineInCombat|gf_mythicraid.hideOfflineInCombat	registered	Matched Group Layout control to scoped group-frame setting.
MidnightSimpleUnitFrames/Shell/Menu2/Pages/MSUF_Menu2_GroupLayout.lua	248	AddAlphaSlider	gf_layout	<dynamic:spec.label>	Transparency	slider		min=0;max=1;step=0.05			unmapped	No Assistant registry key was matched by exact DB key or label.
MidnightSimpleUnitFrames/Shell/Menu2/Pages/MSUF_Menu2_GroupLayout.lua	261	AddAlphaSlider	gf_layout	Keep text + portrait visible	Transparency	toggle				gf_party.alphaExcludeTextPortrait|gf_raid.alphaExcludeTextPortrait|gf_mythicraid.alphaExcludeTextPortrait	registered	Matched Group Layout control to scoped group-frame setting.
MidnightSimpleUnitFrames/Shell/Menu2/Pages/MSUF_Menu2_GroupLayout.lua	288	LayoutSlider	gf_layout	Preserve raid groups	Geometry	toggle			Refresh	gf_party.preserveRaidGroups|gf_raid.preserveRaidGroups|gf_mythicraid.preserveRaidGroups	registered	Matched Group Layout control to scoped group-frame setting.
MidnightSimpleUnitFrames/Shell/Menu2/Pages/MSUF_Menu2_GroupLayout.lua	311	BuildGFSortingSection	gf_layout	Sort Mode	Sorting	dropdown		SORT_MODES		gf_party.sortMode|gf_raid.sortMode|gf_mythicraid.sortMode	registered	Matched Group Layout control to scoped group-frame setting.
MidnightSimpleUnitFrames/Shell/Menu2/Pages/MSUF_Menu2_GroupLayout.lua	334	BuildGFSortingSection	gf_layout	Sort by Role	Sorting	toggle			QueueGF	gf_party.sortByRole|gf_raid.sortByRole|gf_mythicraid.sortByRole	registered	Matched Group Layout control to scoped group-frame setting.
MidnightSimpleUnitFrames/Shell/Menu2/Pages/MSUF_Menu2_GroupLayout.lua	349	BuildGFSortingSection	gf_layout	Player first in role	Sorting	toggle				gf_party.playerFirstInRole|gf_raid.playerFirstInRole|gf_mythicraid.playerFirstInRole	registered	Matched Group Layout control to scoped group-frame setting.
MidnightSimpleUnitFrames/Shell/Menu2/Pages/MSUF_Menu2_GroupLayout.lua	389	BuildGFScalingSection	gf_layout	Frame scaling	Frame Scaling	toggle			Refresh	gf_party.frameScaleEnabled|gf_raid.frameScaleEnabled|gf_mythicraid.frameScaleEnabled	registered	Matched Group Layout control to scoped group-frame setting.
MidnightSimpleUnitFrames/Shell/Menu2/Pages/MSUF_Menu2_GroupLayout.lua	404	BuildGFScalingSection	gf_layout	Scale Mode	Frame Scaling	segment		"VT(""manual"", ""Manual"", ""auto"", ""Auto"")"	Refresh	gf_party.frameScaleMode|gf_raid.frameScaleMode|gf_mythicraid.frameScaleMode	registered	Matched Group Layout control to scoped group-frame setting.
MidnightSimpleUnitFrames/Shell/Menu2/Pages/MSUF_Menu2_GroupLayout.lua	486	AddScaleSlider	gf_layout		Frame Scaling	slider		min=50;max=spec.max or 100;step=5		gf_party.frameScaleManual|gf_party.scaleAt10|gf_party.scaleAt20|gf_party.scaleAt25|gf_party.scaleOver25|gf_raid.frameScaleManual|gf_raid.scaleAt10|gf_raid.scaleAt20|gf_raid.scaleAt25|gf_raid.scaleOver25|gf_mythicraid.frameScaleManual|gf_mythicraid.scaleAt10	registered	Matched dynamic Group Layout scale sliders to registered group-frame scaling settings.
MidnightSimpleUnitFrames/Shell/Menu2/Pages/MSUF_Menu2_GroupLayout.lua	540	BuildGFAnchorSection	gf_layout	Anchor To	Anchoring	dropdown		GF_ANCHOR_TO	QueueGF	gf_party.anchorToFrame|gf_raid.anchorToFrame|gf_mythicraid.anchorToFrame	registered	Matched Group Layout control to scoped group-frame setting.
MidnightSimpleUnitFrames/Shell/Menu2/Pages/MSUF_Menu2_GroupPreview.lua	173	AddGFPreview		Expand	AddGFPreview	button					unmapped	No Assistant registry key was matched by exact DB key or label.
MidnightSimpleUnitFrames/Shell/Menu2/Pages/MSUF_Menu2_GroupPriority.lua	173	BuildBindingCapture	gf_priority	"<dynamic:Tr(""Not bound"")>"	BuildBindingCapture	button					unmapped	No Assistant registry key was matched by exact DB key or label.
MidnightSimpleUnitFrames/Shell/Menu2/Pages/MSUF_Menu2_GroupPriority.lua	359	RefreshSnapshot	gf_priority	Enable Priority Frames	Priority Frames	toggle				gf_priority.enabled	registered	Matched Assistant setting by DB key or label/alias.
MidnightSimpleUnitFrames/Shell/Menu2/Pages/MSUF_Menu2_GroupPriority.lua	364	RefreshSnapshot	gf_priority	"<dynamic:Tr(""Open Edit Mode"")>"	Priority Frames	button			Refresh		unmapped	No Assistant registry key was matched by exact DB key or label.
MidnightSimpleUnitFrames/Shell/Menu2/Pages/MSUF_Menu2_GroupPriority.lua	411	RefreshOverview	gf_priority	Include tanks automatically	Who Appears	toggle					unmapped	No Assistant registry key was matched by exact DB key or label.
MidnightSimpleUnitFrames/Shell/Menu2/Pages/MSUF_Menu2_GroupPriority.lua	416	RefreshOverview	gf_priority	Visible slots	Who Appears	segment		SLOT_VALUES			unmapped	No Assistant registry key was matched by exact DB key or label.
MidnightSimpleUnitFrames/Shell/Menu2/Pages/MSUF_Menu2_GroupPriority.lua	429	RefreshOverview	gf_priority	"<dynamic:Tr(""Previous"")>"	Who Appears	button					unmapped	No Assistant registry key was matched by exact DB key or label.
MidnightSimpleUnitFrames/Shell/Menu2/Pages/MSUF_Menu2_GroupPriority.lua	430	RefreshOverview	gf_priority	"<dynamic:Tr(""Next"")>"	Who Appears	button					unmapped	No Assistant registry key was matched by exact DB key or label.
MidnightSimpleUnitFrames/Shell/Menu2/Pages/MSUF_Menu2_GroupPriority.lua	460	RefreshOverview	gf_priority	"<dynamic:Tr(""Up"")>"	Who Appears	button					unmapped	No Assistant registry key was matched by exact DB key or label.
MidnightSimpleUnitFrames/Shell/Menu2/Pages/MSUF_Menu2_GroupPriority.lua	461	RefreshOverview	gf_priority	"<dynamic:Tr(""Down"")>"	Who Appears	button					unmapped	No Assistant registry key was matched by exact DB key or label.
MidnightSimpleUnitFrames/Shell/Menu2/Pages/MSUF_Menu2_GroupPriority.lua	462	RefreshOverview	gf_priority	"<dynamic:Tr(""Remove"")>"	Who Appears	button					unmapped	No Assistant registry key was matched by exact DB key or label.
MidnightSimpleUnitFrames/Shell/Menu2/Pages/MSUF_Menu2_GroupPriority.lua	473	RefreshOverview	gf_priority	"<dynamic:Tr(""Clear all"")>"	Who Appears	button			Refresh		unmapped	No Assistant registry key was matched by exact DB key or label.
MidnightSimpleUnitFrames/Shell/Menu2/Pages/MSUF_Menu2_GroupPriority.lua	595	Clear	gf_priority	Placement	Placement	dropdown		PLACEMENT_VALUES			unmapped	No Assistant registry key was matched by exact DB key or label.
MidnightSimpleUnitFrames/Shell/Menu2/Pages/MSUF_Menu2_GroupPriority.lua	601	Clear	gf_priority	Growth	Placement	segment		GROWTH_VALUES			unmapped	No Assistant registry key was matched by exact DB key or label.
MidnightSimpleUnitFrames/Shell/Menu2/Pages/MSUF_Menu2_GroupPriority.lua	607	Clear	gf_priority	Frame spacing	Placement	slider		min=0;max=40;step=1			unmapped	No Assistant registry key was matched by exact DB key or label.
MidnightSimpleUnitFrames/Shell/Menu2/Pages/MSUF_Menu2_GroupPriority.lua	613	Clear	gf_priority	Attachment gap	Placement	slider		min=0;max=100;step=1			unmapped	No Assistant registry key was matched by exact DB key or label.
MidnightSimpleUnitFrames/Shell/Menu2/Pages/MSUF_Menu2_GroupPriority.lua	619	Clear	gf_priority	Alignment offset	Placement	slider		min=-200;max=200;step=1			unmapped	No Assistant registry key was matched by exact DB key or label.
MidnightSimpleUnitFrames/Shell/Menu2/Pages/MSUF_Menu2_GroupPriority.lua	625	Clear	gf_priority	"<dynamic:Tr(""Position in Edit Mode"")>"	Placement	button			Refresh		unmapped	No Assistant registry key was matched by exact DB key or label.
MidnightSimpleUnitFrames/Shell/Menu2/Pages/MSUF_Menu2_UnitAlpha.lua	88	AddAlphaSlider	uf_player,uf_target,uf_focus,uf_pet,uf_targettarget,uf_focustarget,uf_boss	<dynamic:spec.label>	AddAlphaSlider	slider		min=0;max=1;step=0.05		player.hpBarAlpha|player.hpBgAlpha|target.hpBarAlpha|target.hpBgAlpha|focus.hpBarAlpha|focus.hpBgAlpha|targettarget.hpBarAlpha|targettarget.hpBgAlpha	registered	Matched page-scoped Assistant settings for this reused UI control.
MidnightSimpleUnitFrames/Shell/Menu2/Pages/MSUF_Menu2_UnitAlpha.lua	101	AddAlphaSlider	uf_player,uf_target,uf_focus,uf_pet,uf_targettarget,uf_focustarget,uf_boss	Keep text + portrait visible	AddAlphaSlider	toggle	alphaExcludeTextPortrait			player.alphaExcludeTextPortrait|target.alphaExcludeTextPortrait|focus.alphaExcludeTextPortrait|targettarget.alphaExcludeTextPortrait|focustarget.alphaExcludeTextPortrait|pet.alphaExcludeTextPortrait|boss.alphaExcludeTextPortrait	registered	Matched page-scoped Assistant settings by DB key and control type.
MidnightSimpleUnitFrames/Shell/Menu2/Pages/MSUF_Menu2_UnitFrameVisuals.lua	161	BindPortraitToggle	uf_player,uf_target,uf_focus,uf_pet,uf_targettarget,uf_focustarget,uf_boss	<dynamic:x>	BindPortraitToggle	toggle	ToggleAt			player.portraitFillBorder|player.portraitBgEnabled|target.portraitFillBorder|target.portraitBgEnabled|focus.portraitFillBorder|focus.portraitBgEnabled|targettarget.portraitFillBorder|targettarget.portraitBgEnabled|focustarget.portraitFillBorder|focustarget.portraitBgEnabled|pet.portraitFillBorder|pet.portraitBgEnabled	registered	Matched Portrait helper toggles to registered Portrait fill-border and background settings.
MidnightSimpleUnitFrames/Shell/Menu2/Pages/MSUF_Menu2_UnitFrameVisuals.lua	185	BindPortraitToggle	uf_player,uf_target,uf_focus,uf_pet,uf_targettarget,uf_focustarget,uf_boss	Portrait	BindPortraitToggle	toggle	portraitMode		Refresh	player.portraitFillBorder|player.portraitBgEnabled|target.portraitFillBorder|target.portraitBgEnabled|focus.portraitFillBorder|focus.portraitBgEnabled|targettarget.portraitFillBorder|targettarget.portraitBgEnabled|focustarget.portraitFillBorder|focustarget.portraitBgEnabled|pet.portraitFillBorder|pet.portraitBgEnabled	registered	Matched Portrait helper toggles to registered Portrait fill-border and background settings.
MidnightSimpleUnitFrames/Shell/Menu2/Pages/MSUF_Menu2_UnitFrameVisuals.lua	200	BindPortraitToggle	uf_player,uf_target,uf_focus,uf_pet,uf_targettarget,uf_focustarget,uf_boss	Position	BindPortraitToggle	segment	portraitMode	"VT(""LEFT"", ""Left"", ""RIGHT"", ""Right"")"	Refresh	player.portraitFillBorder|player.portraitBgEnabled|target.portraitFillBorder|target.portraitBgEnabled|focus.portraitFillBorder|focus.portraitBgEnabled|targettarget.portraitFillBorder|targettarget.portraitBgEnabled|focustarget.portraitFillBorder|focustarget.portraitBgEnabled|pet.portraitFillBorder|pet.portraitBgEnabled	registered	Matched Portrait helper toggles to registered Portrait fill-border and background settings.
MidnightSimpleUnitFrames/Shell/Menu2/Pages/MSUF_Menu2_UnitFrameVisuals.lua	213	BindPortraitToggle	uf_player,uf_target,uf_focus,uf_pet,uf_targettarget,uf_focustarget,uf_boss	Render	BindPortraitToggle	dropdown	portraitRender		Refresh	player.portraitFillBorder|player.portraitBgEnabled|target.portraitFillBorder|target.portraitBgEnabled|focus.portraitFillBorder|focus.portraitBgEnabled|targettarget.portraitFillBorder|targettarget.portraitBgEnabled|focustarget.portraitFillBorder|focustarget.portraitBgEnabled|pet.portraitFillBorder|pet.portraitBgEnabled	registered	Matched Portrait helper toggles to registered Portrait fill-border and background settings.
MidnightSimpleUnitFrames/Shell/Menu2/Pages/MSUF_Menu2_UnitFrameVisuals.lua	214	BindPortraitToggle	uf_player,uf_target,uf_focus,uf_pet,uf_targettarget,uf_focustarget,uf_boss	Shape	BindPortraitToggle	dropdown	portraitShape		Refresh	player.portraitFillBorder|player.portraitBgEnabled|target.portraitFillBorder|target.portraitBgEnabled|focus.portraitFillBorder|focus.portraitBgEnabled|targettarget.portraitFillBorder|targettarget.portraitBgEnabled|focustarget.portraitFillBorder|focustarget.portraitBgEnabled|pet.portraitFillBorder|pet.portraitBgEnabled	registered	Matched Portrait helper toggles to registered Portrait fill-border and background settings.
MidnightSimpleUnitFrames/Shell/Menu2/Pages/MSUF_Menu2_UnitFrameVisuals.lua	215	BindPortraitToggle	uf_player,uf_target,uf_focus,uf_pet,uf_targettarget,uf_focustarget,uf_boss	Size override	BindPortraitToggle	slider	portraitSizeOverride		Refresh	player.portraitFillBorder|player.portraitBgEnabled|target.portraitFillBorder|target.portraitBgEnabled|focus.portraitFillBorder|focus.portraitBgEnabled|targettarget.portraitFillBorder|targettarget.portraitBgEnabled|focustarget.portraitFillBorder|focustarget.portraitBgEnabled|pet.portraitFillBorder|pet.portraitBgEnabled	registered	Matched Portrait helper toggles to registered Portrait fill-border and background settings.
MidnightSimpleUnitFrames/Shell/Menu2/Pages/MSUF_Menu2_UnitFrameVisuals.lua	216	BindPortraitToggle	uf_player,uf_target,uf_focus,uf_pet,uf_targettarget,uf_focustarget,uf_boss	Portrait X	BindPortraitToggle	slider	portraitOffsetX		Refresh	player.portraitFillBorder|player.portraitBgEnabled|target.portraitFillBorder|target.portraitBgEnabled|focus.portraitFillBorder|focus.portraitBgEnabled|targettarget.portraitFillBorder|targettarget.portraitBgEnabled|focustarget.portraitFillBorder|focustarget.portraitBgEnabled|pet.portraitFillBorder|pet.portraitBgEnabled	registered	Matched Portrait helper toggles to registered Portrait fill-border and background settings.
MidnightSimpleUnitFrames/Shell/Menu2/Pages/MSUF_Menu2_UnitFrameVisuals.lua	217	BindPortraitToggle	uf_player,uf_target,uf_focus,uf_pet,uf_targettarget,uf_focustarget,uf_boss	Portrait Y	BindPortraitToggle	slider	portraitOffsetY		Refresh	player.portraitFillBorder|player.portraitBgEnabled|target.portraitFillBorder|target.portraitBgEnabled|focus.portraitFillBorder|focus.portraitBgEnabled|targettarget.portraitFillBorder|targettarget.portraitBgEnabled|focustarget.portraitFillBorder|focustarget.portraitBgEnabled|pet.portraitFillBorder|pet.portraitBgEnabled	registered	Matched Portrait helper toggles to registered Portrait fill-border and background settings.
MidnightSimpleUnitFrames/Shell/Menu2/Pages/MSUF_Menu2_UnitFrameVisuals.lua	218	BindPortraitToggle	uf_player,uf_target,uf_focus,uf_pet,uf_targettarget,uf_focustarget,uf_boss	Portrait zoom	BindPortraitToggle	slider	portraitZoom		Refresh	player.portraitFillBorder|player.portraitBgEnabled|target.portraitFillBorder|target.portraitBgEnabled|focus.portraitFillBorder|focus.portraitBgEnabled|targettarget.portraitFillBorder|targettarget.portraitBgEnabled|focustarget.portraitFillBorder|focustarget.portraitBgEnabled|pet.portraitFillBorder|pet.portraitBgEnabled	registered	Matched Portrait helper toggles to registered Portrait fill-border and background settings.
MidnightSimpleUnitFrames/Shell/Menu2/Pages/MSUF_Menu2_UnitFrameVisuals.lua	219	BindPortraitToggle	uf_player,uf_target,uf_focus,uf_pet,uf_targettarget,uf_focustarget,uf_boss	Class portrait style	BindPortraitToggle	dropdown	portraitClassStyle		Refresh	player.portraitFillBorder|player.portraitBgEnabled|target.portraitFillBorder|target.portraitBgEnabled|focus.portraitFillBorder|focus.portraitBgEnabled|targettarget.portraitFillBorder|targettarget.portraitBgEnabled|focustarget.portraitFillBorder|focustarget.portraitBgEnabled|pet.portraitFillBorder|pet.portraitBgEnabled	registered	Matched Portrait helper toggles to registered Portrait fill-border and background settings.
MidnightSimpleUnitFrames/Shell/Menu2/Pages/MSUF_Menu2_UnitFrameVisuals.lua	221	BindPortraitToggle	uf_player,uf_target,uf_focus,uf_pet,uf_targettarget,uf_focustarget,uf_boss	Border	BindPortraitToggle	dropdown	portraitBorderStyle		Refresh	player.portraitFillBorder|player.portraitBgEnabled|target.portraitFillBorder|target.portraitBgEnabled|focus.portraitFillBorder|focus.portraitBgEnabled|targettarget.portraitFillBorder|targettarget.portraitBgEnabled|focustarget.portraitFillBorder|focustarget.portraitBgEnabled|pet.portraitFillBorder|pet.portraitBgEnabled	registered	Matched Portrait helper toggles to registered Portrait fill-border and background settings.
MidnightSimpleUnitFrames/Shell/Menu2/Pages/MSUF_Menu2_UnitFrameVisuals.lua	222	BindPortraitToggle	uf_player,uf_target,uf_focus,uf_pet,uf_targettarget,uf_focustarget,uf_boss	Border thickness	BindPortraitToggle	slider	portraitBorderThickness		Refresh	player.portraitFillBorder|player.portraitBgEnabled|target.portraitFillBorder|target.portraitBgEnabled|focus.portraitFillBorder|focus.portraitBgEnabled|targettarget.portraitFillBorder|targettarget.portraitBgEnabled|focustarget.portraitFillBorder|focustarget.portraitBgEnabled|pet.portraitFillBorder|pet.portraitBgEnabled	registered	Matched Portrait helper toggles to registered Portrait fill-border and background settings.
MidnightSimpleUnitFrames/Shell/Menu2/Pages/MSUF_Menu2_UnitFrameVisuals.lua	223	BindPortraitToggle	uf_player,uf_target,uf_focus,uf_pet,uf_targettarget,uf_focustarget,uf_boss	Fill border into frame gap	BindPortraitToggle	toggle	portraitFillBorder		Refresh	player.portraitFillBorder|player.portraitBgEnabled|target.portraitFillBorder|target.portraitBgEnabled|focus.portraitFillBorder|focus.portraitBgEnabled|targettarget.portraitFillBorder|targettarget.portraitBgEnabled|focustarget.portraitFillBorder|focustarget.portraitBgEnabled|pet.portraitFillBorder|pet.portraitBgEnabled	registered	Matched Portrait helper toggles to registered Portrait fill-border and background settings.
MidnightSimpleUnitFrames/Shell/Menu2/Pages/MSUF_Menu2_UnitFrameVisuals.lua	224	BindPortraitToggle	uf_player,uf_target,uf_focus,uf_pet,uf_targettarget,uf_focustarget,uf_boss	Portrait background	BindPortraitToggle	toggle	portraitBgEnabled		Refresh	player.portraitFillBorder|player.portraitBgEnabled|target.portraitFillBorder|target.portraitBgEnabled|focus.portraitFillBorder|focus.portraitBgEnabled|targettarget.portraitFillBorder|targettarget.portraitBgEnabled|focustarget.portraitFillBorder|focustarget.portraitBgEnabled|pet.portraitFillBorder|pet.portraitBgEnabled	registered	Matched Portrait helper toggles to registered Portrait fill-border and background settings.
MidnightSimpleUnitFrames/Shell/Menu2/Pages/MSUF_Menu2_UnitFrameVisuals.lua	297	BindPowerToggle	uf_player,uf_target,uf_focus,uf_pet,uf_targettarget,uf_focustarget,uf_boss	<dynamic:x>	BindPowerToggle	toggle	ToggleAt			player.powerBarBorderEnabled|player.embedPowerBarIntoHealth|player.powerSmoothFill|player.detachedPowerBarTextOnBar|player.detachedPowerBarSyncClassPower|player.detachedPowerBarAnchorToClassPower|target.powerBarBorderEnabled|target.embedPowerBarIntoHealth|target.powerSmoothFill|target.detachedPowerBarTextOnBar|focus.powerBarBorderEnabled|focus.embedPowerBarIntoHealth	registered	Matched dynamic Power Bar helper toggles to registered unit power settings.
MidnightSimpleUnitFrames/Shell/Menu2/Pages/MSUF_Menu2_UnitFrameVisuals.lua	360	BuildPowerControls	uf_player,uf_target,uf_focus,uf_pet,uf_targettarget,uf_focustarget,uf_boss	Show power bar	BuildPowerControls	toggle	showPowerBar		Refresh	player.showPowerBar|target.showPowerBar|focus.showPowerBar|targettarget.showPowerBar|focustarget.showPowerBar|pet.showPowerBar|boss.showPowerBar	registered	Matched page-scoped Assistant settings by DB key and control type.
MidnightSimpleUnitFrames/Shell/Menu2/Pages/MSUF_Menu2_UnitFrameVisuals.lua	392	BuildPowerControls	uf_player,uf_target,uf_focus,uf_pet,uf_targettarget,uf_focustarget,uf_boss	Border thickness	BuildPowerControls	slider	powerBarBorderThickness			player.powerBarBorderThickness|target.powerBarBorderThickness|focus.powerBarBorderThickness|targettarget.powerBarBorderThickness|focustarget.powerBarBorderThickness|pet.powerBarBorderThickness|boss.powerBarBorderThickness	registered	Matched page-scoped Assistant settings by DB key and control type.
MidnightSimpleUnitFrames/Shell/Menu2/Pages/MSUF_Menu2_UnitFrameVisuals.lua	397	BuildPowerControls	uf_player,uf_target,uf_focus,uf_pet,uf_targettarget,uf_focustarget,uf_boss	Detach from frame	BuildPowerControls	toggle	powerBarDetached			player.powerBarDetached|target.powerBarDetached|focus.powerBarDetached|targettarget.powerBarDetached|focustarget.powerBarDetached|pet.powerBarDetached|boss.powerBarDetached	registered	Matched page-scoped Assistant settings by DB key and control type.
MidnightSimpleUnitFrames/Shell/Menu2/Pages/MSUF_Menu2_UnitFrameVisuals.lua	453	BuildPowerControls	uf_player,uf_target,uf_focus,uf_pet,uf_targettarget,uf_focustarget,uf_boss	Detached shape	BuildPowerControls	dropdown		DETACHED_POWER_SHAPE_VALUES	RequestUnitApply|Refresh	player.detachedPowerBarShape	registered	Matched Player detached power shape dropdown to registered Assistant setting.
MidnightSimpleUnitFrames/Shell/Menu2/Pages/MSUF_Menu2_UnitFrameVisuals.lua	471	BuildPowerControls	uf_player,uf_target,uf_focus,uf_pet,uf_targettarget,uf_focustarget,uf_boss	Orb size	BuildPowerControls	slider	detachedPowerOrbSize		Refresh	player.detachedPowerOrbSize|target.detachedPowerOrbSize	registered	Matched page-scoped Assistant settings by DB key and control type.
MidnightSimpleUnitFrames/Shell/Menu2/Pages/MSUF_Menu2_UnitFrameVisuals.lua	829	AttachCastTextSettings	uf_player,uf_target,uf_focus,uf_pet,uf_targettarget,uf_focustarget,uf_boss	Enable Castbar	AttachCastTextSettings	toggle				general.enableTargetCastbar|general.enablePlayerCastbar|general.enableBossCastbar|general.enableFocusCastbar	registered	Matched Unit Castbar detail control to scoped castbar Assistant settings.
MidnightSimpleUnitFrames/Shell/Menu2/Pages/MSUF_Menu2_UnitFrameVisuals.lua	838	AttachCastTextSettings	uf_player,uf_target,uf_focus,uf_pet,uf_targettarget,uf_focustarget,uf_boss	Castbar provider	AttachCastTextSettings	dropdown		CASTBAR_BACKEND_VALUES		general.castbarPlayerBackend	registered	Matched Unit Castbar detail control to scoped castbar Assistant settings.
MidnightSimpleUnitFrames/Shell/Menu2/Pages/MSUF_Menu2_UnitFrameVisuals.lua	848	AttachCastTextSettings	uf_player,uf_target,uf_focus,uf_pet,uf_targettarget,uf_focustarget,uf_boss	Show interrupt	AttachCastTextSettings	toggle	showInterrupt			player.showInterrupt|target.showInterrupt|focus.showInterrupt|boss.showInterrupt|targettarget.showInterrupt|pet.showInterrupt	registered	Matched page-scoped Assistant settings by DB key and control type.
MidnightSimpleUnitFrames/Shell/Menu2/Pages/MSUF_Menu2_UnitFrameVisuals.lua	858	AttachCastTextSettings	uf_player,uf_target,uf_focus,uf_pet,uf_targettarget,uf_focustarget,uf_boss	Width mode	AttachCastTextSettings	dropdown		CASTBAR_WIDTH_SOURCE_VALUES	Refresh	general.castbarTargetMatchWidth|general.castbarPlayerMatchWidth|general.bossCastbarMatchWidth|general.castbarFocusMatchWidth	registered	Matched Unit Castbar detail control to scoped castbar Assistant settings.
MidnightSimpleUnitFrames/Shell/Menu2/Pages/MSUF_Menu2_UnitFrameVisuals.lua	874	AttachCastTextSettings	uf_player,uf_target,uf_focus,uf_pet,uf_targettarget,uf_focustarget,uf_boss	Manual width	AttachCastTextSettings	slider		min=40;max=900;step=1		general.castbarTargetBarWidth|general.castbarPlayerBarWidth|general.bossCastbarWidth|general.castbarFocusBarWidth	registered	Matched Unit Castbar detail control to scoped castbar Assistant settings.
MidnightSimpleUnitFrames/Shell/Menu2/Pages/MSUF_Menu2_UnitFrameVisuals.lua	889	AttachCastTextSettings	uf_player,uf_target,uf_focus,uf_pet,uf_targettarget,uf_focustarget,uf_boss	Height	AttachCastTextSettings	slider		min=6;max=80;step=1		boss.height|focus.height|focustarget.height|pet.height|player.height|target.height|targettarget.height	registered	Matched page-scoped Assistant settings for this reused UI control.
MidnightSimpleUnitFrames/Shell/Menu2/Pages/MSUF_Menu2_UnitFrameVisuals.lua	905	BindCastbarFeatureToggle	uf_player,uf_target,uf_focus,uf_pet,uf_targettarget,uf_focustarget,uf_boss	Enable	BindCastbarFeatureToggle	toggle			Refresh	general.showTargetCastTime|general.castbarTargetShowIcon|general.castbarTargetShowSpellName|general.showPlayerCastTime|general.castbarPlayerShowIcon|general.castbarPlayerShowSpellName|general.showBossCastTime|general.showBossCastIcon|general.showBossCastName|general.showFocusCastTime|general.castbarFocusShowIcon|general.castbarFocusShowSpellName	registered	Matched dynamic Unit Castbar feature toggles to registered castbar icon/text/time settings.
MidnightSimpleUnitFrames/Shell/Menu2/Pages/MSUF_Menu2_UnitFrameVisuals.lua	916	BindCastbarFeatureToggle	uf_player,uf_target,uf_focus,uf_pet,uf_targettarget,uf_focustarget,uf_boss	MSUF2_CASTBAR_ICON	BindCastbarFeatureToggle	toggle	icon			general.showTargetCastTime|general.castbarTargetShowIcon|general.castbarTargetShowSpellName|general.showPlayerCastTime|general.castbarPlayerShowIcon|general.castbarPlayerShowSpellName|general.showBossCastTime|general.showBossCastIcon|general.showBossCastName|general.showFocusCastTime|general.castbarFocusShowIcon|general.castbarFocusShowSpellName	registered	Matched dynamic Unit Castbar feature toggles to registered castbar icon/text/time settings.
MidnightSimpleUnitFrames/Shell/Menu2/Pages/MSUF_Menu2_UnitFrameVisuals.lua	930	BindCastbarFeatureToggle	uf_player,uf_target,uf_focus,uf_pet,uf_targettarget,uf_focustarget,uf_boss	MSUF2_CASTBAR_TEXT	BindCastbarFeatureToggle	toggle	text			general.showTargetCastTime|general.castbarTargetShowIcon|general.castbarTargetShowSpellName|general.showPlayerCastTime|general.castbarPlayerShowIcon|general.castbarPlayerShowSpellName|general.showBossCastTime|general.showBossCastIcon|general.showBossCastName|general.showFocusCastTime|general.castbarFocusShowIcon|general.castbarFocusShowSpellName	registered	Matched dynamic Unit Castbar feature toggles to registered castbar icon/text/time settings.
MidnightSimpleUnitFrames/Shell/Menu2/Pages/MSUF_Menu2_UnitFrameVisuals.lua	940	BindCastbarFeatureToggle	uf_player,uf_target,uf_focus,uf_pet,uf_targettarget,uf_focustarget,uf_boss	Enable	BindCastbarFeatureToggle	toggle	targetName		Refresh	general.showTargetCastTime|general.castbarTargetShowIcon|general.castbarTargetShowSpellName|general.showPlayerCastTime|general.castbarPlayerShowIcon|general.castbarPlayerShowSpellName|general.showBossCastTime|general.showBossCastIcon|general.showBossCastName|general.showFocusCastTime|general.castbarFocusShowIcon|general.castbarFocusShowSpellName	registered	Matched dynamic Unit Castbar feature toggles to registered castbar icon/text/time settings.
MidnightSimpleUnitFrames/Shell/Menu2/Pages/MSUF_Menu2_UnitFrameVisuals.lua	971	DefaultSpellTextManualWidth	uf_player,uf_target,uf_focus,uf_pet,uf_targettarget,uf_focustarget,uf_boss	Width behavior	DefaultSpellTextManualWidth	dropdown		CASTBAR_TRUNCATE_VALUES	Refresh	general.castbarTargetSpellNameTruncate|general.castbarPlayerSpellNameTruncate|general.bossCastSpellNameTruncate|general.castbarFocusSpellNameTruncate	registered	Matched Unit Castbar detail control to scoped castbar Assistant settings.
MidnightSimpleUnitFrames/Shell/Menu2/Pages/MSUF_Menu2_UnitFrameVisuals.lua	988	DefaultSpellTextManualWidth	uf_player,uf_target,uf_focus,uf_pet,uf_targettarget,uf_focustarget,uf_boss	Manual text width	DefaultSpellTextManualWidth	slider		min=20;max=500;step=1	Refresh	general.castbarTargetSpellNameMaxWidth|general.castbarPlayerSpellNameMaxWidth|general.bossCastSpellNameMaxWidth|general.castbarFocusSpellNameMaxWidth	registered	Matched Unit Castbar detail control to scoped castbar Assistant settings.
MidnightSimpleUnitFrames/Shell/Menu2/Pages/MSUF_Menu2_UnitFrameVisuals.lua	1005	DefaultSpellTextManualWidth	uf_player,uf_target,uf_focus,uf_pet,uf_targettarget,uf_focustarget,uf_boss	Layer (0-30)	DefaultSpellTextManualWidth	slider		min=0;max=30;step=1			unmapped	No Assistant registry key was matched by exact DB key or label.
MidnightSimpleUnitFrames/Shell/Menu2/Pages/MSUF_Menu2_UnitFrameVisuals.lua	1021	DefaultSpellTextManualWidth	uf_player,uf_target,uf_focus,uf_pet,uf_targettarget,uf_focustarget,uf_boss	MSUF2_CASTBAR_TIME	DefaultSpellTextManualWidth	toggle	time		Refresh	general.showTargetCastTime|general.showPlayerCastTime|general.showBossCastTime|general.showFocusCastTime	registered	Matched Unit Castbar detail control to scoped castbar Assistant settings.
MidnightSimpleUnitFrames/Shell/Menu2/Pages/MSUF_Menu2_UnitRangeFade.lua	32	BuildRangeFade	uf_target,uf_focus,uf_pet,uf_targettarget,uf_focustarget,uf_boss	Enable Range Fade	BuildRangeFade	toggle	rangeFadeEnabled			target.rangeFadeEnabled|focus.rangeFadeEnabled|targettarget.rangeFadeEnabled|focustarget.rangeFadeEnabled|pet.rangeFadeEnabled|boss.rangeFadeEnabled	registered	Matched supported UnitRangeFade section units by DB key; Player is not exposed by the UI or engine range keys.
MidnightSimpleUnitFrames/Shell/Menu2/Pages/MSUF_Menu2_UnitRangeFade.lua	37	BuildRangeFade	uf_target,uf_focus,uf_pet,uf_targettarget,uf_focustarget,uf_boss		BuildRangeFade	slider	rangeFadeAlpha	min=0;max=1;step=0.05		target.rangeFadeAlpha|focus.rangeFadeAlpha|targettarget.rangeFadeAlpha|focustarget.rangeFadeAlpha|pet.rangeFadeAlpha|boss.rangeFadeAlpha	registered	Matched supported UnitRangeFade section units by DB key; Player is not exposed by the UI or engine range keys.
MidnightSimpleUnitFrames/Shell/Menu2/Pages/MSUF_Menu2_UnitRangeFade.lua	45	BuildRangeFade	uf_target,uf_focus,uf_pet,uf_targettarget,uf_focustarget,uf_boss	Affects	BuildRangeFade	segment	rangeFadeLayerMode	"VT(""frame"", ""Whole"", ""health"", ""HP"")"	Refresh	target.rangeFadeLayerMode|focus.rangeFadeLayerMode|targettarget.rangeFadeLayerMode|focustarget.rangeFadeLayerMode|pet.rangeFadeLayerMode|boss.rangeFadeLayerMode	registered	Matched supported UnitRangeFade section units by DB key; Player is not exposed by the UI or engine range keys.
MidnightSimpleUnitFrames/Shell/Menu2/Pages/MSUF_Menu2_UnitSections.lua	433	RefreshThisPreview	uf_player,uf_target,uf_focus,uf_pet,uf_targettarget,uf_focustarget,uf_boss	Expand	RefreshThisPreview	button			Refresh		unmapped	No Assistant registry key was matched by exact DB key or label.
MidnightSimpleUnitFrames/Shell/Menu2/Pages/MSUF_Menu2_UnitSections.lua	773	EffectiveHealthMode	uf_player,uf_target,uf_focus,uf_pet,uf_targettarget,uf_focustarget,uf_boss	Enable	EffectiveHealthMode	toggle	enabled		Refresh	player.enabled|target.enabled|focus.enabled|targettarget.enabled|focustarget.enabled|pet.enabled|boss.enabled	registered	Matched page-scoped Assistant settings by DB key and control type.
MidnightSimpleUnitFrames/Shell/Menu2/Pages/MSUF_Menu2_UnitSections.lua	782	EffectiveHealthMode	uf_player,uf_target,uf_focus,uf_pet,uf_targettarget,uf_focustarget,uf_boss	Reverse fill direction	EffectiveHealthMode	toggle	reverseFillBars			player.reverseFillBars|target.reverseFillBars|focus.reverseFillBars|targettarget.reverseFillBars|focustarget.reverseFillBars|pet.reverseFillBars|boss.reverseFillBars	registered	Matched page-scoped Assistant settings by DB key and control type.
MidnightSimpleUnitFrames/Shell/Menu2/Pages/MSUF_Menu2_UnitSections.lua	787	EffectiveHealthMode	uf_player,uf_target,uf_focus,uf_pet,uf_targettarget,uf_focustarget,uf_boss	Smooth fill	EffectiveHealthMode	toggle	smoothFill			player.smoothFill|target.smoothFill|focus.smoothFill|targettarget.smoothFill|focustarget.smoothFill|pet.smoothFill|boss.smoothFill	registered	Matched page-scoped Assistant settings by DB key and control type.
MidnightSimpleUnitFrames/Shell/Menu2/Pages/MSUF_Menu2_UnitSections.lua	792	EffectiveHealthMode	uf_player,uf_target,uf_focus,uf_pet,uf_targettarget,uf_focustarget,uf_boss	Force Blizzard frame on	EffectiveHealthMode	toggle	useBlizzardFrame			player.useBlizzardFrame|target.useBlizzardFrame|focus.useBlizzardFrame|targettarget.useBlizzardFrame|focustarget.useBlizzardFrame|pet.useBlizzardFrame|boss.useBlizzardFrame	registered	Matched page-scoped Assistant settings by DB key and control type.
MidnightSimpleUnitFrames/Shell/Menu2/Pages/MSUF_Menu2_UnitSections.lua	823	EffectiveHealthMode	uf_player,uf_target,uf_focus,uf_pet,uf_targettarget,uf_focustarget,uf_boss	Health Color Scheme	EffectiveHealthMode	dropdown		HealthColorModeOptions	RequestUnitApply|Refresh	boss.healthColorMode|focus.healthColorMode|focustarget.healthColorMode|pet.healthColorMode|player.healthColorMode|target.healthColorMode|targettarget.healthColorMode	registered	Matched page-scoped Assistant settings for this reused UI control.
MidnightSimpleUnitFrames/Shell/Menu2/Pages/MSUF_Menu2_UnitSections.lua	943	ApplyAnchorChange	uf_player,uf_target,uf_focus,uf_pet,uf_targettarget,uf_focustarget,uf_boss	Anchor To	ApplyAnchorChange	dropdown		AnchorValues		boss.anchorToUnitframe|focus.anchorToUnitframe|focustarget.anchorToUnitframe|pet.anchorToUnitframe|player.anchorToUnitframe|target.anchorToUnitframe|targettarget.anchorToUnitframe	registered	Matched page-scoped Assistant settings for this reused UI control.
MidnightSimpleUnitFrames/Shell/Menu2/Pages/MSUF_Menu2_UnitSections.lua	957	ApplyAnchorChange	uf_player,uf_target,uf_focus,uf_pet,uf_targettarget,uf_focustarget,uf_boss	Anchor Point	ApplyAnchorChange	dropdown		anchorPoints		boss.point|focus.point|focustarget.point|pet.point|player.point|target.point|targettarget.point	registered	Matched page-scoped Assistant settings for this reused UI control.
MidnightSimpleUnitFrames/Shell/Menu2/Pages/MSUF_Menu2_UnitSections.lua	1063	ApplyToTInline	uf_player,uf_target,uf_focus,uf_pet,uf_targettarget,uf_focustarget,uf_boss	Show Target of Target text inline	ApplyToTInline	toggle				targettarget.showToTInTargetName	registered	Matched Assistant setting by DB key or label/alias.
MidnightSimpleUnitFrames/Shell/Menu2/Pages/MSUF_Menu2_UnitSections.lua	1072	ApplyToTInline	uf_player,uf_target,uf_focus,uf_pet,uf_targettarget,uf_focustarget,uf_boss	Inline color	ApplyToTInline	dropdown		ToTInlineColorOptions		targettarget.totInlineColorMode	registered	Matched Assistant setting by DB key or label/alias.
MidnightSimpleUnitFrames/Shell/Menu2/Pages/MSUF_Menu2_UnitSections.lua	1082	ApplyToTInline	uf_player,uf_target,uf_focus,uf_pet,uf_targettarget,uf_focustarget,uf_boss	Inline separator	ApplyToTInline	dropdown		TOT_INLINE_SEPARATOR_OPTIONS		targettarget.totInlineSeparator	registered	Matched Assistant setting by DB key or label/alias.
MidnightSimpleUnitFrames/Shell/Menu2/Pages/MSUF_Menu2_UnitSections.lua	1097	ApplyToTInline	uf_player,uf_target,uf_focus,uf_pet,uf_targettarget,uf_focustarget,uf_boss	Custom separator	ApplyToTInline	textinput				targettarget.totInlineCustomSeparator	registered	Matched Target of Target inline custom-separator input to registered setting.
MidnightSimpleUnitFrames/Shell/Menu2/Pages/MSUF_Menu2_UnitSections.lua	1161	BuildLoadConditions	uf_player,uf_target,uf_focus,uf_pet,uf_targettarget,uf_focustarget,uf_boss	<dynamic:14 + col * colW>	BuildLoadConditions	toggle	ToggleAt			player.loadCondHideMounted|player.loadCondHideOutOfCombat|player.loadCondHideSolo|player.loadCondHideInVehicle|player.loadCondHideInGroup|player.loadCondHideInInstance|player.loadCondHideResting|player.loadCondHideInCombat|player.loadCondHideStealthed|target.loadCondHideMounted|target.loadCondHideOutOfCombat|target.loadCondHideSolo	registered	Matched dynamic load-condition toggle settings.
MidnightSimpleUnitFrames/Shell/Menu2/Pages/MSUF_Menu2_UnitSections.lua	1162	BuildLoadConditions	uf_player,uf_target,uf_focus,uf_pet,uf_targettarget,uf_focustarget,uf_boss	<dynamic:spec.label>	BuildLoadConditions	toggle				player.loadCondHideMounted|player.loadCondHideOutOfCombat|player.loadCondHideSolo|player.loadCondHideInVehicle|player.loadCondHideInGroup|player.loadCondHideInInstance|player.loadCondHideResting|player.loadCondHideInCombat|player.loadCondHideStealthed|target.loadCondHideMounted|target.loadCondHideOutOfCombat|target.loadCondHideSolo	registered	Matched dynamic load-condition toggle settings.
MidnightSimpleUnitFrames/Shell/Menu2/Pages/MSUF_Menu2_UnitSections.lua	1164	BuildLoadConditions	uf_player,uf_target,uf_focus,uf_pet,uf_targettarget,uf_focustarget,uf_boss	<dynamic:spec.label>	BuildLoadConditions	toggle			RequestUnitApply|Refresh	player.loadCondHideMounted|player.loadCondHideOutOfCombat|player.loadCondHideSolo|player.loadCondHideInVehicle|player.loadCondHideInGroup|player.loadCondHideInInstance|player.loadCondHideResting|player.loadCondHideInCombat|player.loadCondHideStealthed|target.loadCondHideMounted|target.loadCondHideOutOfCombat|target.loadCondHideSolo	registered	Matched dynamic load-condition toggle settings.
MidnightSimpleUnitFrames/Shell/Menu2/Pages/MSUF_Menu2_UnitSections.lua	1354	BuildBossLayout	uf_player,uf_target,uf_focus,uf_pet,uf_targettarget,uf_focustarget,uf_boss	Boss spacing	BuildBossLayout	slider	spacing	min=-400;max=0;step=1		boss.spacing|auras3.player.buff.spacing|auras3.player.debuff.spacing|auras3.target.buff.spacing|auras3.target.debuff.spacing|auras3.focus.buff.spacing|auras3.focus.debuff.spacing|auras3.boss.buff.spacing	registered	Matched page-scoped Assistant settings by DB key and control type.
MidnightSimpleUnitFrames/Shell/Menu2/Pages/MSUF_Menu2_UnitSections.lua	1377	BuildBossLayout	uf_player,uf_target,uf_focus,uf_pet,uf_targettarget,uf_focustarget,uf_boss	Boss target highlight	BuildBossLayout	toggle			RequestUnitApply	general.bossTargetHighlightEnabled	registered	Matched Assistant setting by DB key or label/alias.
MidnightSimpleUnitFrames/Shell/Menu2/Pages/MSUF_Menu2_UnitSectionShared.lua	303	RefreshTargets		<dynamic:cat.label>	RefreshTargets	toggle				copy_unit|copy_group	registered	Matched shared copy-popup target helper to registered unit/group copy actions.
MidnightSimpleUnitFrames/Shell/Menu2/Pages/MSUF_Menu2_UnitSectionShared.lua	522	SmallButton		<dynamic:labelText>	SmallButton	button				start_unit_custom_anchor_picker|clear_unit_custom_anchor|start_group_custom_anchor_picker|clear_group_custom_anchor	registered	Matched shared custom-anchor small-button helper to registered pick/clear actions.
MidnightSimpleUnitFrames/Shell/Menu2/Pages/MSUF_Menu2_UnitStatusSection.lua	189	BindStatusTestToggle	uf_player,uf_target,uf_focus,uf_pet,uf_targettarget,uf_focustarget,uf_boss	<dynamic:xPos>	BindStatusTestToggle	toggle	stateIconsTestMode		Refresh	player.stateIconsTestMode|target.stateIconsTestMode|focus.stateIconsTestMode|targettarget.stateIconsTestMode|focustarget.stateIconsTestMode|pet.stateIconsTestMode|boss.stateIconsTestMode	registered	Matched page-scoped Assistant settings by DB key and control type.
MidnightSimpleUnitFrames/Shell/Menu2/Pages/MSUF_Menu2_UnitStatusSection.lua	200	StatusPreviewButton	uf_player,uf_target,uf_focus,uf_pet,uf_targettarget,uf_focustarget,uf_boss	<dynamic:label>	StatusPreviewButton	button				preview_unit_status_indicator	registered	Matched unit status preview button helper to registered preview action.
MidnightSimpleUnitFrames/Shell/Menu2/Pages/MSUF_Menu2_UnitStatusSection.lua	243	BindStatusSpecDropdown	uf_player,uf_target,uf_focus,uf_pet,uf_targettarget,uf_focustarget,uf_boss	Indicator	BindStatusSpecDropdown	dropdown		function() return StatusValues(unit) end	Refresh	set_menu_selector_state	registered	Matched runtime unit selected-indicator dropdown to Assistant menu selector state action.
MidnightSimpleUnitFrames/Shell/Menu2/Pages/MSUF_Menu2_UnitStatusSection.lua	265	BindStatusSpecDropdown	uf_player,uf_target,uf_focus,uf_pet,uf_targettarget,uf_focustarget,uf_boss	Use Midnight Style	BindStatusSpecDropdown	toggle			Refresh	general.statusIconsUseMidnightStyle	registered	Matched global status-icon style setting.
MidnightSimpleUnitFrames/Shell/Menu2/Pages/MSUF_Menu2_UnitStatusSection.lua	276	BindStatusSpecDropdown	uf_player,uf_target,uf_focus,uf_pet,uf_targettarget,uf_focustarget,uf_boss	Enabled	BindStatusSpecDropdown	toggle			Refresh	player.showRaidMarker|target.showRaidMarker|focus.showRaidMarker|targettarget.showRaidMarker|focustarget.showRaidMarker|pet.showRaidMarker|boss.showRaidMarker|player.showLeaderIcon|player.showLevelIndicator|player.showRaidGroupInName|player.statusTextEnabled|player.showCombatStateIndicator	registered	Matched dynamic selected status-indicator enabled settings.
MidnightSimpleUnitFrames/Shell/Menu2/Pages/MSUF_Menu2_UnitStatusSection.lua	406	ResolvePreviewStatusIcon	uf_player,uf_target,uf_focus,uf_pet,uf_targettarget,uf_focustarget,uf_boss	Symbol	ResolvePreviewStatusIcon	dropdown	bBind		Refresh	player.combatStateIndicatorSymbol|player.restedStateIndicatorSymbol|player.incomingResIndicatorSymbol|target.combatStateIndicatorSymbol|target.incomingResIndicatorSymbol|boss.combatStateIndicatorSymbol|boss.restedStateIndicatorSymbol|focus.combatStateIndicatorSymbol|focus.restedStateIndicatorSymbol|target.restedStateIndicatorSymbol|targettarget.combatStateIndicatorSymbol|targettarget.restedStateIndicatorSymbol	registered	Matched dynamic selected status-indicator symbol settings.
MidnightSimpleUnitFrames/Shell/Menu2/Pages/MSUF_Menu2_UnitStatusSection.lua	410	ResolvePreviewStatusIcon	uf_player,uf_target,uf_focus,uf_pet,uf_targettarget,uf_focustarget,uf_boss	Role icon style	ResolvePreviewStatusIcon	dropdown	bBind		Refresh	gf_party.roleIconStyle|gf_raid.roleIconStyle|gf_mythicraid.roleIconStyle	registered	Matched page-scoped Assistant settings for this reused UI control.
MidnightSimpleUnitFrames/Shell/Menu2/Pages/MSUF_Menu2_UnitStatusSection.lua	414	ResolvePreviewStatusIcon	uf_player,uf_target,uf_focus,uf_pet,uf_targettarget,uf_focustarget,uf_boss	Custom icon	ResolvePreviewStatusIcon	dropdown	bBind		Refresh		unmapped	Helper-created control; static audit could not prove registry mapping.
MidnightSimpleUnitFrames/Shell/Menu2/Pages/MSUF_Menu2_UnitStatusSection.lua	438	ResolvePreviewStatusIcon	uf_player,uf_target,uf_focus,uf_pet,uf_targettarget,uf_focustarget,uf_boss	Style	ResolvePreviewStatusIcon	dropdown	raidGroupNameStyle	RAID_GROUP_NAME_STYLES	Refresh	player.raidGroupNameStyle|target.raidGroupNameStyle|focus.raidGroupNameStyle|targettarget.raidGroupNameStyle|focustarget.raidGroupNameStyle|pet.raidGroupNameStyle|boss.raidGroupNameStyle	registered	Matched page-scoped Assistant settings by DB key and control type.
MidnightSimpleUnitFrames/Shell/Menu2/Pages/MSUF_Menu2_UnitStatusSection.lua	451	ResolvePreviewStatusIcon	uf_player,uf_target,uf_focus,uf_pet,uf_targettarget,uf_focustarget,uf_boss	Size	ResolvePreviewStatusIcon	slider		min=8;max=64;step=1	Refresh	player.nameFontSize|player.leaderIconSize|player.raidMarkerSize|player.levelIndicatorSize|player.statusTextSize|player.combatStateIndicatorSize|player.restedStateIndicatorSize|player.incomingResIndicatorSize|target.nameFontSize|target.leaderIconSize|target.raidMarkerSize|target.levelIndicatorSize	registered	Matched dynamic selected status-indicator size settings.
MidnightSimpleUnitFrames/Shell/Menu2/Pages/MSUF_Menu2_UnitStatusSection.lua	477	CurrentStatusAnchorValues	uf_player,uf_target,uf_focus,uf_pet,uf_targettarget,uf_focustarget,uf_boss	Anchor	CurrentStatusAnchorValues	dropdown	bBind			player.leaderIconAnchor|player.raidMarkerAnchor|player.levelIndicatorAnchor|player.raidGroupNameAnchor|player.statusTextAnchor|player.combatStateIndicatorAnchor|player.restedStateIndicatorAnchor|player.incomingResIndicatorAnchor|target.leaderIconAnchor|target.raidMarkerAnchor|target.levelIndicatorAnchor|target.raidGroupNameAnchor	registered	Matched dynamic selected status-indicator anchor settings.
MidnightSimpleUnitFrames/Shell/Menu2/Pages/MSUF_Menu2_UnitStatusSection.lua	482	CurrentStatusAnchorValues	uf_player,uf_target,uf_focus,uf_pet,uf_targettarget,uf_focustarget,uf_boss	X Offset	CurrentStatusAnchorValues	slider	defaultX			player.leaderIconOffsetX|player.raidMarkerOffsetX|player.levelIndicatorOffsetX|player.raidGroupNameOffsetX|player.statusTextOffsetX|player.combatStateIndicatorOffsetX|player.restedStateIndicatorOffsetX|player.incomingResIndicatorOffsetX|target.leaderIconOffsetX|target.raidMarkerOffsetX|target.levelIndicatorOffsetX|target.raidGroupNameOffsetX	registered	Matched dynamic selected status-indicator X offset settings.
MidnightSimpleUnitFrames/Shell/Menu2/Pages/MSUF_Menu2_UnitStatusSection.lua	485	CurrentStatusAnchorValues	uf_player,uf_target,uf_focus,uf_pet,uf_targettarget,uf_focustarget,uf_boss	Y Offset	CurrentStatusAnchorValues	slider	defaultY			player.leaderIconOffsetY|player.raidMarkerOffsetY|player.levelIndicatorOffsetY|player.raidGroupNameOffsetY|player.statusTextOffsetY|player.combatStateIndicatorOffsetY|player.restedStateIndicatorOffsetY|player.incomingResIndicatorOffsetY|target.leaderIconOffsetY|target.raidMarkerOffsetY|target.levelIndicatorOffsetY|target.raidGroupNameOffsetY	registered	Matched dynamic selected status-indicator Y offset settings.
MidnightSimpleUnitFrames/Shell/Menu2/Pages/MSUF_Menu2_UnitStatusSection.lua	488	CurrentStatusAnchorValues	uf_player,uf_target,uf_focus,uf_pet,uf_targettarget,uf_focustarget,uf_boss	Layer	CurrentStatusAnchorValues	slider	defaultLayer			player.leaderIconLayer|player.raidMarkerLayer|player.levelIndicatorLayer|player.raidGroupNameLayer|player.statusTextLayer|player.combatStateIndicatorLayer|player.restedStateIndicatorLayer|player.incomingResIndicatorLayer|target.leaderIconLayer|target.raidMarkerLayer|target.levelIndicatorLayer|target.raidGroupNameLayer	registered	Matched dynamic selected status-indicator layer settings.
MidnightSimpleUnitFrames/Shell/Menu2/Pages/MSUF_Menu2_UnitStatusSection.lua	491	CurrentStatusAnchorValues	uf_player,uf_target,uf_focus,uf_pet,uf_targettarget,uf_focustarget,uf_boss	Reset selected	CurrentStatusAnchorValues	button				reset_unit_status_indicator	registered	Matched Assistant reset action for the selected status-indicator family.
MidnightSimpleUnitFrames/Shell/Menu2/Pages/MSUF_Menu2_UnitStatusSection.lua	515	ResetSelectedStatus	uf_player,uf_target,uf_focus,uf_pet,uf_targettarget,uf_focustarget,uf_boss	Test mode	ResetSelectedStatus	toggle	bBind			reset_unit_status_indicator	registered	Matched unit status reset helper to registered reset action.
MidnightSimpleUnitFrames/Shell/Menu2/Pages/MSUF_Menu2_UnitStatusSection.lua	562	RefreshIconPreviewStrip	uf_player,uf_target,uf_focus,uf_pet,uf_targettarget,uf_focustarget,uf_boss	X Offset (extended)	RefreshIconPreviewStrip	slider	defaultX			player.leaderIconOffsetX|player.raidMarkerOffsetX|player.levelIndicatorOffsetX|player.raidGroupNameOffsetX|player.statusTextOffsetX|player.combatStateIndicatorOffsetX|player.restedStateIndicatorOffsetX|player.incomingResIndicatorOffsetX|target.leaderIconOffsetX|target.raidMarkerOffsetX|target.levelIndicatorOffsetX|target.raidGroupNameOffsetX	registered	Matched dynamic selected status-indicator X offset settings.
MidnightSimpleUnitFrames/Shell/Menu2/Pages/MSUF_Menu2_UnitStatusSection.lua	565	RefreshIconPreviewStrip	uf_player,uf_target,uf_focus,uf_pet,uf_targettarget,uf_focustarget,uf_boss	Y Offset (extended)	RefreshIconPreviewStrip	slider	defaultY			player.leaderIconOffsetY|player.raidMarkerOffsetY|player.levelIndicatorOffsetY|player.raidGroupNameOffsetY|player.statusTextOffsetY|player.combatStateIndicatorOffsetY|player.restedStateIndicatorOffsetY|player.incomingResIndicatorOffsetY|target.leaderIconOffsetY|target.raidMarkerOffsetY|target.levelIndicatorOffsetY|target.raidGroupNameOffsetY	registered	Matched dynamic selected status-indicator Y offset settings.
MidnightSimpleUnitFrames/Shell/Menu2/Pages/MSUF_Menu2_UnitStatusSection.lua	568	RefreshIconPreviewStrip	uf_player,uf_target,uf_focus,uf_pet,uf_targettarget,uf_focustarget,uf_boss	Layer	RefreshIconPreviewStrip	slider	defaultLayer			player.leaderIconLayer|player.raidMarkerLayer|player.levelIndicatorLayer|player.raidGroupNameLayer|player.statusTextLayer|player.combatStateIndicatorLayer|player.restedStateIndicatorLayer|player.incomingResIndicatorLayer|target.leaderIconLayer|target.raidMarkerLayer|target.levelIndicatorLayer|target.raidGroupNameLayer	registered	Matched dynamic selected status-indicator layer settings.
MidnightSimpleUnitFrames/Shell/Menu2/Pages/MSUF_Menu2_UnitStatusSection.lua	571	RefreshIconPreviewStrip	uf_player,uf_target,uf_focus,uf_pet,uf_targettarget,uf_focustarget,uf_boss	Reset selected	RefreshIconPreviewStrip	button				reset_unit_status_indicator	registered	Matched Assistant reset action for the selected status-indicator family.
MidnightSimpleUnitFrames/Shell/Menu2/Pages/MSUF_Menu2_UnitStatusSection.lua	580	RefreshIconPreviewStrip	uf_player,uf_target,uf_focus,uf_pet,uf_targettarget,uf_focustarget,uf_boss	Test mode	RefreshIconPreviewStrip	toggle	bBind				unmapped	Helper-created control; static audit could not prove registry mapping.
MidnightSimpleUnitFrames/Shell/Menu2/Pages/MSUF_Menu2_UnitText.lua	374	TextSlotSummary	uf_player,uf_target,uf_focus,uf_pet,uf_targettarget,uf_focustarget,uf_boss	Show Name	TextSlotSummary	toggle	showName		Refresh	player.showName|target.showName|focus.showName|targettarget.showName|focustarget.showName|pet.showName|boss.showName	registered	Matched page-scoped Assistant settings by DB key and control type.
MidnightSimpleUnitFrames/Shell/Menu2/Pages/MSUF_Menu2_UnitText.lua	383	TextSlotSummary	uf_player,uf_target,uf_focus,uf_pet,uf_targettarget,uf_focustarget,uf_boss	Anchor	TextSlotSummary	dropdown	nameTextAnchor	TEXT_ANCHORS	Refresh	player.nameTextAnchor|target.nameTextAnchor|focus.nameTextAnchor|targettarget.nameTextAnchor|focustarget.nameTextAnchor|pet.nameTextAnchor|boss.nameTextAnchor	registered	Matched page-scoped Assistant settings by DB key and control type.
MidnightSimpleUnitFrames/Shell/Menu2/Pages/MSUF_Menu2_UnitText.lua	410	BindNameOffsetSlider	uf_player,uf_target,uf_focus,uf_pet,uf_targettarget,uf_focustarget,uf_boss	X Offset	BindNameOffsetSlider	slider	nameOffsetX			player.nameOffsetX|target.nameOffsetX|focus.nameOffsetX|targettarget.nameOffsetX|focustarget.nameOffsetX|pet.nameOffsetX|boss.nameOffsetX	registered	Matched page-scoped Assistant settings by DB key and control type.
MidnightSimpleUnitFrames/Shell/Menu2/Pages/MSUF_Menu2_UnitText.lua	411	BindNameOffsetSlider	uf_player,uf_target,uf_focus,uf_pet,uf_targettarget,uf_focustarget,uf_boss	Y Offset	BindNameOffsetSlider	slider	nameOffsetY			player.nameOffsetY|target.nameOffsetY|focus.nameOffsetY|targettarget.nameOffsetY|focustarget.nameOffsetY|pet.nameOffsetY|boss.nameOffsetY	registered	Matched page-scoped Assistant settings by DB key and control type.
MidnightSimpleUnitFrames/Shell/Menu2/Pages/MSUF_Menu2_UnitText.lua	413	BindNameOffsetSlider	uf_player,uf_target,uf_focus,uf_pet,uf_targettarget,uf_focustarget,uf_boss	Size	BindNameOffsetSlider	slider	nameFontSize	min=6;max=48;step=1		player.nameFontSize|target.nameFontSize|focus.nameFontSize|targettarget.nameFontSize|focustarget.nameFontSize|pet.nameFontSize|boss.nameFontSize	registered	Matched page-scoped Assistant settings by DB key and control type.
MidnightSimpleUnitFrames/Shell/Menu2/Pages/MSUF_Menu2_UnitText.lua	448	FullValueShortEnabled	uf_player,uf_target,uf_focus,uf_pet,uf_targettarget,uf_focustarget,uf_boss	HIDDEN	FullValueShortEnabled	toggle			Refresh		unmapped	No Assistant registry key was matched by exact DB key or label.
MidnightSimpleUnitFrames/Shell/Menu2/Pages/MSUF_Menu2_UnitText.lua	480	AfterModeChanged	uf_player,uf_target,uf_focus,uf_pet,uf_targettarget,uf_focustarget,uf_boss	Text slots	AfterModeChanged	segment		SLOT_VALUES	Refresh		unmapped	No Assistant registry key was matched by exact DB key or label.
MidnightSimpleUnitFrames/Shell/Menu2/Pages/MSUF_Menu2_UnitText.lua	490	AfterModeChanged	uf_player,uf_target,uf_focus,uf_pet,uf_targettarget,uf_focustarget,uf_boss	"<dynamic:cfg.valueLabel or ""Value"">"	AfterModeChanged	dropdown		cfg.baseModes or cfg.modes			unmapped	No Assistant registry key was matched by exact DB key or label.
MidnightSimpleUnitFrames/Shell/Menu2/Pages/MSUF_Menu2_UnitText.lua	508	AfterModeChanged	uf_player,uf_target,uf_focus,uf_pet,uf_targettarget,uf_focustarget,uf_boss	Absorb	AfterModeChanged	segment		ABSORB_STYLE_VALUES	Refresh		unmapped	No Assistant registry key was matched by exact DB key or label.
MidnightSimpleUnitFrames/Shell/Menu2/Pages/MSUF_Menu2_UnitText.lua	585	AfterModeChanged	uf_player,uf_target,uf_focus,uf_pet,uf_targettarget,uf_focustarget,uf_boss	Delimiter	AfterModeChanged	dropdown		SEPARATORS			unmapped	No Assistant registry key was matched by exact DB key or label.
MidnightSimpleUnitFrames/Shell/Menu2/Pages/MSUF_Menu2_UnitText.lua	651	CurrentKey	uf_player,uf_target,uf_focus,uf_pet,uf_targettarget,uf_focustarget,uf_boss	X Offset	CurrentKey	slider	bBind		Refresh	boss.offsetX|focus.offsetX|focustarget.offsetX|pet.offsetX|target.offsetX	registered	Matched page-scoped Assistant settings for this reused UI control.
MidnightSimpleUnitFrames/Shell/Menu2/Pages/MSUF_Menu2_UnitText.lua	652	CurrentKey	uf_player,uf_target,uf_focus,uf_pet,uf_targettarget,uf_focustarget,uf_boss	Y Offset	CurrentKey	slider	bBind		Refresh	boss.offsetY|focus.offsetY|focustarget.offsetY|pet.offsetY|target.offsetY	registered	Matched page-scoped Assistant settings for this reused UI control.
MidnightSimpleUnitFrames/Shell/Menu2/Pages/MSUF_Menu2_UnitText.lua	663	CurrentKey	uf_player,uf_target,uf_focus,uf_pet,uf_targettarget,uf_focustarget,uf_boss	Selected slot X	CurrentKey	slider	slotX				unmapped	Helper-created control; static audit could not prove registry mapping.
MidnightSimpleUnitFrames/Shell/Menu2/Pages/MSUF_Menu2_UnitText.lua	664	CurrentKey	uf_player,uf_target,uf_focus,uf_pet,uf_targettarget,uf_focustarget,uf_boss	Selected slot Y	CurrentKey	slider	slotY				unmapped	Helper-created control; static audit could not prove registry mapping.
MidnightSimpleUnitFrames/Shell/Menu2/Pages/MSUF_Menu2_UnitText.lua	665	CurrentKey	uf_player,uf_target,uf_focus,uf_pet,uf_targettarget,uf_focustarget,uf_boss	Selected slot size	CurrentKey	slider		min=6;max=48;step=1			unmapped	No Assistant registry key was matched by exact DB key or label.
MidnightSimpleUnitFrames/Shell/Menu2/Pages/MSUF_Menu2_UnitText.lua	683	CurrentKey	uf_player,uf_target,uf_focus,uf_pet,uf_targettarget,uf_focustarget,uf_boss	Default size	CurrentKey	slider		min=6;max=48;step=1			unmapped	No Assistant registry key was matched by exact DB key or label.
MidnightSimpleUnitFrames/Shell/Menu2/MSUF_Menu2_Dashboard.lua	832	DashboardDisclosure	home	Display & recovery	DashboardDisclosure	toggle	dashboardRecoveryOpen			set_dashboard_panel	registered	Matched Dashboard disclosure header to the shared Dashboard panel state action.
MidnightSimpleUnitFrames/Shell/Menu2/MSUF_Menu2_Dashboard.lua	865	DashboardDisclosure	home	Scaling	DashboardDisclosure	toggle	dashboardScalingOpen			set_dashboard_panel	registered	Matched Dashboard disclosure header to the shared Dashboard panel state action.
MidnightSimpleUnitFrames/Shell/Menu2/MSUF_Menu2_Dashboard.lua	909	BuildScaleSlider	home	<dynamic:label>	BuildScaleSlider	slider		min=minPct;max=maxPct;step=stepPct		general.msufUiScale|general.slashMenuScale	registered	Matched Dashboard simple scale sliders to MSUF frame/menu scale settings.
MidnightSimpleUnitFrames/Shell/Menu2/MSUF_Menu2_Dashboard.lua	1098	BuildSimpleScaleColumn	home	Changelog	BuildSimpleScaleColumn	toggle	dashboardChangelogOpen			general.msufUiScale|general.slashMenuScale	registered	Matched Dashboard simple scale sliders to MSUF frame/menu scale settings.
MidnightSimpleUnitFrames/Shell/Menu2/MSUF_Menu2_NavRail.lua	172	CreateNavButton		<dynamic:M.Tr(label)>	CreateNavButton	button				open_page	registered	Matched NavRail page button factory to Assistant open-page navigation action.
MidnightSimpleUnitFrames/Shell/Menu2/MSUF_Menu2_NavRail.lua	317	StyleHistoryButton			StyleHistoryButton	button				assistant.action.history.undo|assistant.action.history.redo	registered	Matched NavRail Undo/Redo buttons to Assistant history actions.
MidnightSimpleUnitFrames/Shell/Menu2/MSUF_Menu2_NavRail.lua	338	StyleHistoryButton			StyleHistoryButton	button				assistant.action.history.undo|assistant.action.history.redo	registered	Matched NavRail Undo/Redo buttons to Assistant history actions.
MidnightSimpleUnitFrames/Shell/Menu2/MSUF_Menu2_NavRail.lua	793	ClearSearchInput		<dynamic:string.upper(M.Tr(item.header))>	ClearSearchInput	button					unmapped	No Assistant registry key was matched by exact DB key or label.
MidnightSimpleUnitFrames/Shell/Menu2/MSUF_Menu2_Window.lua	1366	CreateMinimizedBar		Restore	CreateMinimizedBar	button	maximize			menu_window_restore	registered	Matched minimized-bar restore button to the shared Menu2 restore action.
MidnightSimpleUnitFrames/Shell/Menu2/MSUF_Menu2_Window.lua	1387	CreateMinimizedBar		Close	CreateMinimizedBar	button	close			menu_window_close	registered	Matched minimized-bar close button to the shared Menu2 close action.
MidnightSimpleUnitFrames/Shell/Menu2/MSUF_Menu2_Window.lua	1442	BuildWindowShell		Close	BuildWindowShell	button	close				unmapped	Helper callsite control; static audit could not prove registry mapping.
MidnightSimpleUnitFrames/Shell/Menu2/MSUF_Menu2_Window.lua	1456	BuildWindowShell		Maximize	BuildWindowShell	button	maximize				unmapped	Helper callsite control; static audit could not prove registry mapping.
MidnightSimpleUnitFrames/Shell/Menu2/MSUF_Menu2_Window.lua	1475	BuildWindowShell		Minimize	BuildWindowShell	button	minimize				unmapped	Helper callsite control; static audit could not prove registry mapping.
MidnightSimpleUnitFrames/Shell/Menu2/MSUF_Menu2_Window.lua	1933	RunToolbarEditMode		<dynamic:L_EDIT_MODE_OFF>	RunToolbarEditMode	button					unmapped	No Assistant registry key was matched by exact DB key or label.
MidnightSimpleUnitFrames/Shell/Menu2/MSUF_Menu2_Window.lua	1945	RunToolbarEditMode		New Task	RunToolbarEditMode	button					unmapped	No Assistant registry key was matched by exact DB key or label.
MidnightSimpleUnitFrames/Shell/Menu2/MSUF_Menu2_Window.lua	1954	RunToolbarEditMode		Reset All	RunToolbarEditMode	button					unmapped	No Assistant registry key was matched by exact DB key or label.
